Datetime,Close,High,Low,Open,Volume
2026-08-06 09:30:00-04:00,316.8299865722656,318.1300048828125,315.80999755859375,317.04998779296875,1102316
2026-08-06 09:31:00-04:00,316.31500244140625,317.45001220703125,315.7099914550781,316.739990234375,209245
2026-08-06 09:32:00-04:00,316.6700134277344,317.1700134277344,315.5205078125,316.31500244140625,145985
2026-08-06 09:33:00-04:00,317.0899963378906,317.32000732421875,316.3599853515625,316.6575012207031,141849
2026-08-06 09:34:00-04:00,318.0899963378906,318.57000732421875,317.07501220703125,317.1199951171875,211309
2026-08-06 09:35:00-04:00,318.0899963378906,318.6400146484375,317.19000244140625,318.0150146484375,164501
2026-08-06 09:36:00-04:00,318.69000244140625,318.94000244140625,318.0950012207031,318.1000061035156,120216
2026-08-06 09:37:00-04:00,318.6000061035156,318.90240478515625,318.30999755859375,318.65301513671875,92261
2026-08-06 09:38:00-04:00,318.79998779296875,319.2699890136719,318.3576965332031,318.5799865722656,129740
2026-08-06 09:39:00-04:00,319.0450134277344,319.1700134277344,318.54998779296875,318.8500061035156,92069
2026-08-06 09:40:00-04:00,319.0050048828125,319.44000244140625,318.760009765625,319.0404968261719,196174
2026-08-06 09:41:00-04:00,318.6700134277344,319.3500061035156,318.26959228515625,319.05999755859375,99787
2026-08-06 09:42:00-04:00,318.239990234375,318.9100036621094,317.739990234375,318.71051025390625,137934
2026-08-06 09:43:00-04:00,318.239990234375,318.4898986816406,317.6449890136719,318.19000244140625,130982
2026-08-06 09:44:00-04:00,318.44000244140625,318.79998779296875,317.8999938964844,318.2349853515625,95143
2026-08-06 09:45:00-04:00,318.4200134277344,318.5,318.0400085449219,318.3550109863281,78524
2026-08-06 09:46:00-04:00,318.9750061035156,319.04998779296875,318.2450866699219,318.4200134277344,82789
2026-08-06 09:47:00-04:00,319.010009765625,319.2799987792969,318.88848876953125,318.9549865722656,83740
2026-08-06 09:48:00-04:00,318.6650085449219,319.3299865722656,318.5299987792969,319.07000732421875,76708
2026-08-06 09:49:00-04:00,318.5899963378906,318.8800048828125,318.2749938964844,318.6650085449219,83785
2026-08-06 09:50:00-04:00,318.8699035644531,319.0299987792969,318.5703125,318.5703125,66698
2026-08-06 09:51:00-04:00,319.1553039550781,319.3497009277344,318.6000061035156,318.75,76861
2026-08-06 09:52:00-04:00,319.010009765625,319.2727966308594,318.8299865722656,319.19000244140625,53960
2026-08-06 09:53:00-04:00,319.5599060058594,319.7799987792969,318.85009765625,319.0,123124
2026-08-06 09:54:00-04:00,319.3349914550781,319.7799987792969,319.2001037597656,319.5849914550781,68274
2026-08-06 09:55:00-04:00,319.9700012207031,320.1000061035156,319.2101135253906,319.3299865722656,112667
2026-08-06 09:56:00-04:00,319.75,320.3299865722656,319.6099853515625,319.92999267578125,88526
2026-08-06 09:57:00-04:00,320.20001220703125,320.2900085449219,319.7049865722656,319.75,84311
2026-08-06 09:58:00-04:00,320.614501953125,320.8800048828125,319.9200134277344,320.181884765625,93843
2026-08-06 09:59:00-04:00,320.2300109863281,320.70001220703125,320.2200012207031,320.5899963378906,64731
2026-08-06 10:00:00-04:00,320.33990478515625,320.68499755859375,320.0299987792969,320.2300109863281,75189
2026-08-06 10:01:00-04:00,320.25,320.4800109863281,320.1199951171875,320.3399963378906,56854
2026-08-06 10:02:00-04:00,319.8190002441406,320.5098876953125,319.7200012207031,320.2250061035156,84945
2026-08-06 10:03:00-04:00,319.32000732421875,319.9700012207031,319.2200012207031,319.80999755859375,90010
2026-08-06 10:04:00-04:00,320.1130065917969,320.2099914550781,319.3399963378906,319.3572082519531,88297
2026-08-06 10:05:00-04:00,319.8500061035156,320.42999267578125,319.79998779296875,320.0799865722656,69035
2026-08-06 10:06:00-04:00,319.6000061035156,320.0799865722656,319.45001220703125,319.80999755859375,64138
2026-08-06 10:07:00-04:00,319.7550048828125,320.010009765625,319.54998779296875,319.6000061035156,54522
2026-08-06 10:08:00-04:00,320.06500244140625,320.25799560546875,319.7200012207031,319.79998779296875,55598
2026-08-06 10:09:00-04:00,320.125,320.19989013671875,319.7699890136719,320.0899963378906,92169
2026-08-06 10:10:00-04:00,320.0282897949219,320.3598937988281,319.9599914550781,320.1199951171875,69214
2026-08-06 10:11:00-04:00,320.4200134277344,320.4700012207031,319.97760009765625,319.97760009765625,65420
2026-08-06 10:12:00-04:00,320.26849365234375,320.6400146484375,320.20001220703125,320.4695129394531,93754
2026-08-06 10:13:00-04:00,320.68798828125,320.79998779296875,320.19000244140625,320.2900085449219,73972
2026-08-06 10:14:00-04:00,321.1000061035156,321.29998779296875,320.67498779296875,320.7049865722656,162000
2026-08-06 10:15:00-04:00,321.0299987792969,321.29901123046875,320.57000732421875,321.1300048828125,89264
2026-08-06 10:16:00-04:00,320.659912109375,321.0,320.5199890136719,320.9599914550781,75520
2026-08-06 10:17:00-04:00,320.94000244140625,321.159912109375,320.55999755859375,320.6199951171875,61995
2026-08-06 10:18:00-04:00,321.5,321.5398864746094,320.80999755859375,320.95489501953125,98943
2026-08-06 10:19:00-04:00,321.6300048828125,321.7300109863281,321.04998779296875,321.489990234375,108034
2026-08-06 10:20:00-04:00,321.4549865722656,321.94000244140625,321.3699951171875,321.69989013671875,105881
2026-08-06 10:21:00-04:00,321.2250061035156,321.54998779296875,321.1099853515625,321.4200134277344,77727
2026-08-06 10:22:00-04:00,321.0,321.3699951171875,320.989990234375,321.1700134277344,102305
2026-08-06 10:23:00-04:00,321.0899963378906,321.3985900878906,320.9849853515625,321.04998779296875,85933
2026-08-06 10:24:00-04:00,321.05499267578125,321.3999938964844,320.989990234375,321.0400085449219,62452
2026-08-06 10:25:00-04:00,321.2825012207031,321.44989013671875,320.80999755859375,321.05499267578125,69385
2026-08-06 10:26:00-04:00,320.9103088378906,321.4599914550781,320.75,321.260009765625,67317
2026-08-06 10:27:00-04:00,320.80999755859375,321.10809326171875,320.7300109863281,320.9700012207031,71898
2026-08-06 10:28:00-04:00,320.69000244140625,320.9100036621094,320.6000061035156,320.82000732421875,72331
2026-08-06 10:29:00-04:00,320.7699890136719,320.7850036621094,320.25,320.7300109863281,105184
2026-08-06 10:30:00-04:00,321.2099914550781,321.29998779296875,320.760009765625,320.8299865722656,96398
2026-08-06 10:31:00-04:00,320.8450012207031,321.3699951171875,320.510009765625,321.2149963378906,85983
2026-08-06 10:32:00-04:00,321.07000732421875,321.1899108886719,320.6893005371094,320.8999938964844,50850
2026-08-06 10:33:00-04:00,321.67498779296875,321.70001220703125,321.0799865722656,321.0950012207031,79661
2026-08-06 10:34:00-04:00,321.7149963378906,321.82000732421875,321.260009765625,321.67498779296875,91638
2026-08-06 10:35:00-04:00,321.7900085449219,322.1499938964844,321.54998779296875,321.7149963378906,133993
2026-08-06 10:36:00-04:00,321.5400085449219,321.8699951171875,321.29998779296875,321.7799987792969,76012
2026-08-06 10:37:00-04:00,321.2699890136719,321.5899963378906,320.75,321.57000732421875,81788
2026-08-06 10:38:00-04:00,320.8800048828125,321.3599853515625,320.7900085449219,321.25,63964
2026-08-06 10:39:00-04:00,320.55499267578125,320.8799133300781,320.3999938964844,320.8450012207031,55149
2026-08-06 10:40:00-04:00,321.0299987792969,321.25,320.5199890136719,320.5199890136719,82425
2026-08-06 10:41:00-04:00,321.2950134277344,321.32000732421875,321.0,321.05499267578125,58803
2026-08-06 10:42:00-04:00,321.0,322.07000732421875,320.78009033203125,321.2950134277344,118005
2026-08-06 10:43:00-04:00,321.01141357421875,321.2200012207031,320.8699951171875,321.0199890136719,39318
2026-08-06 10:44:00-04:00,320.2991027832031,321.1099853515625,320.2710876464844,321.0299987792969,54274
2026-08-06 10:45:00-04:00,319.7699890136719,320.3900146484375,319.6499938964844,320.2799987792969,119719
2026-08-06 10:46:00-04:00,319.3299865722656,319.8599853515625,319.239990234375,319.8399963378906,87843
2026-08-06 10:47:00-04:00,319.6400146484375,319.9198913574219,319.2699890136719,319.3800048828125,83836
2026-08-06 10:48:00-04:00,319.57501220703125,319.7398986816406,319.44000244140625,319.6700134277344,38935
2026-08-06 10:49:00-04:00,319.2650146484375,319.65740966796875,319.05999755859375,319.5799865722656,67882
2026-08-06 10:50:00-04:00,319.7250061035156,319.760009765625,319.0199890136719,319.2200012207031,78321
2026-08-06 10:51:00-04:00,319.256103515625,319.8299865722656,319.1499938964844,319.7099914550781,44500
2026-08-06 10:52:00-04:00,319.2300109863281,319.57000732421875,319.2001037597656,319.2699890136719,42194
2026-08-06 10:53:00-04:00,319.1600036621094,319.5400085449219,319.1000061035156,319.19000244140625,38563
2026-08-06 10:54:00-04:00,320.04998779296875,320.1099853515625,319.1000061035156,319.1387939453125,66806
2026-08-06 10:55:00-04:00,320.25,320.2799987792969,319.9776916503906,320.0899963378906,62093
2026-08-06 10:56:00-04:00,321.0199890136719,321.07550048828125,320.2101135253906,320.30999755859375,96103
2026-08-06 10:57:00-04:00,321.260009765625,321.4800109863281,320.8500061035156,321.0199890136719,66778
2026-08-06 10:58:00-04:00,321.6499938964844,321.79998779296875,321.239990234375,321.239990234375,99790
2026-08-06 10:59:00-04:00,322.0199890136719,322.239990234375,321.6199951171875,321.6700134277344,113442
2026-08-06 11:00:00-04:00,322.3500061035156,322.760009765625,322.0199890136719,322.0199890136719,108783
2026-08-06 11:01:00-04:00,322.0249938964844,322.3699951171875,321.8999938964844,322.3699951171875,70920
2026-08-06 11:02:00-04:00,321.6300048828125,322.0899963378906,321.5899963378906,322.0899963378906,62143
2026-08-06 11:03:00-04:00,320.79998779296875,321.67999267578125,320.79998779296875,321.6300048828125,101483
2026-08-06 11:04:00-04:00,321.4410095214844,321.5400085449219,320.8226013183594,320.8699951171875,62887
2026-08-06 11:05:00-04:00,321.80499267578125,321.9800109863281,321.42498779296875,321.42498779296875,43894
2026-08-06 11:06:00-04:00,322.18499755859375,322.2699890136719,321.5899963378906,321.80999755859375,45825
2026-08-06 11:07:00-04:00,322.7799987792969,323.0,322.0400085449219,322.18499755859375,190809
2026-08-06 11:08:00-04:00,322.45001220703125,322.9599914550781,322.44000244140625,322.81500244140625,63342
2026-08-06 11:09:00-04:00,322.69000244140625,322.75,322.1199951171875,322.44000244140625,49190
2026-08-06 11:10:00-04:00,322.7900085449219,322.94000244140625,322.6000061035156,322.75,42302
2026-08-06 11:11:00-04:00,322.7149963378906,322.9200134277344,322.57000732421875,322.8399963378906,34756
2026-08-06 11:12:00-04:00,322.2049865722656,322.7799072265625,322.1900939941406,322.6499938964844,35571
2026-08-06 11:13:00-04:00,322.2550048828125,322.29998779296875,321.8999938964844,322.2308044433594,77923
2026-08-06 11:14:00-04:00,322.2799987792969,322.45001220703125,322.0199890136719,322.2112121582031,48473
2026-08-06 11:15:00-04:00,322.610107421875,322.7099914550781,322.2799987792969,322.3999938964844,61410
2026-08-06 11:16:00-04:00,322.8594970703125,322.8599853515625,322.5,322.6505126953125,54003
2026-08-06 11:17:00-04:00,322.2381896972656,323.0,322.2381896972656,322.8599853515625,71638
2026-08-06 11:18:00-04:00,321.8900146484375,322.3900146484375,320.0,322.2200012207031,279383
2026-08-06 11:19:00-04:00,321.32989501953125,321.92999267578125,321.19000244140625,321.80999755859375,73156
2026-08-06 11:20:00-04:00,321.6300048828125,321.8299865722656,321.2102966308594,321.2650146484375,52689
2026-08-06 11:21:00-04:00,321.25,321.67999267578125,321.0899963378906,321.67999267578125,49923
2026-08-06 11:22:00-04:00,320.8900146484375,321.20001220703125,320.8900146484375,321.17999267578125,43704
2026-08-06 11:23:00-04:00,321.29998779296875,321.3399963378906,320.7900085449219,320.92498779296875,58283
2026-08-06 11:24:00-04:00,321.2300109863281,321.5400085449219,321.1000061035156,321.260009765625,34632
2026-08-06 11:25:00-04:00,321.385009765625,321.55999755859375,321.0199890136719,321.17999267578125,49060
2026-08-06 11:26:00-04:00,321.44500732421875,321.6000061035156,321.3763122558594,321.4599914550781,52167
2026-08-06 11:27:00-04:00,321.44000244140625,321.79998779296875,321.3800048828125,321.3800048828125,43257
2026-08-06 11:28:00-04:00,321.7200012207031,321.7200012207031,321.2850036621094,321.4700012207031,34107
2026-08-06 11:29:00-04:00,321.70001220703125,321.7300109863281,321.4731140136719,321.6579895019531,23388
2026-08-06 11:30:00-04:00,322.010009765625,322.2799987792969,321.6000061035156,321.70001220703125,66878
2026-08-06 11:31:00-04:00,321.6099853515625,322.1300048828125,321.6099853515625,322.0799865722656,19431
2026-08-06 11:32:00-04:00,321.2749938964844,321.625,321.20001220703125,321.625,54057
2026-08-06 11:33:00-04:00,321.2099914550781,321.2799987792969,320.8299865722656,321.2699890136719,58419
2026-08-06 11:34:00-04:00,320.69000244140625,321.2699890136719,320.6199951171875,321.23431396484375,36411
2026-08-06 11:35:00-04:00,320.9649963378906,321.0,320.6000061035156,320.73291015625,31088
2026-08-06 11:36:00-04:00,320.7200012207031,321.1499938964844,320.67999267578125,321.0199890136719,43558
2026-08-06 11:37:00-04:00,321.0400085449219,321.1099853515625,320.510009765625,320.7300109863281,34429
2026-08-06 11:38:00-04:00,320.7300109863281,321.0199890136719,320.7200012207031,321.0,24809
2026-08-06 11:39:00-04:00,320.79998779296875,321.010009765625,320.75,320.7900085449219,26505
2026-08-06 11:40:00-04:00,320.8399963378906,320.92999267578125,320.67999267578125,320.7799987792969,15031
2026-08-06 11:41:00-04:00,320.6499938964844,320.95001220703125,320.510009765625,320.8900146484375,34260
2026-08-06 11:42:00-04:00,320.5400085449219,320.69000244140625,320.3999938964844,320.590087890625,29814
2026-08-06 11:43:00-04:00,320.7099914550781,320.8399963378906,320.22198486328125,320.5400085449219,49595
2026-08-06 11:44:00-04:00,320.4800109863281,320.94000244140625,320.44000244140625,320.730712890625,28108
2026-08-06 11:45:00-04:00,320.5,320.6700134277344,320.3699951171875,320.4100036621094,34496
2026-08-06 11:46:00-04:00,320.8999938964844,321.0,320.4100036621094,320.5450134277344,25993
2026-08-06 11:47:00-04:00,320.93499755859375,321.1600036621094,320.8699951171875,320.989990234375,27856
2026-08-06 11:48:00-04:00,321.364990234375,321.3800048828125,320.7200012207031,320.8500061035156,44268
2026-08-06 11:49:00-04:00,321.0085144042969,321.4119873046875,320.92999267578125,321.39990234375,46854
2026-08-06 11:50:00-04:00,321.25,321.55999755859375,320.9800109863281,320.9949951171875,79494
2026-08-06 11:51:00-04:00,320.8699951171875,321.2398986816406,320.65008544921875,321.2099914550781,35400
2026-08-06 11:52:00-04:00,320.30999755859375,320.8999938964844,320.25,320.8699951171875,47984
2026-08-06 11:53:00-04:00,320.08990478515625,320.44000244140625,319.8699951171875,320.260009765625,57589
2026-08-06 11:54:00-04:00,319.7616882324219,320.32000732421875,319.6000061035156,320.0,56355
2026-08-06 11:55:00-04:00,319.78729248046875,319.8500061035156,319.44000244140625,319.7449951171875,61947
2026-08-06 11:56:00-04:00,320.1000061035156,320.2699890136719,319.82000732421875,319.8800048828125,59233
2026-08-06 11:57:00-04:00,320.3099060058594,320.34149169921875,319.95001220703125,320.05999755859375,42743
2026-08-06 11:58:00-04:00,320.0799865722656,320.32000732421875,319.8999938964844,320.2349853515625,36536
2026-08-06 11:59:00-04:00,319.6499938964844,320.1499938964844,319.55999755859375,320.0799865722656,47243
2026-08-06 12:00:00-04:00,319.3500061035156,319.79998779296875,319.3500061035156,319.75,58203
2026-08-06 12:01:00-04:00,318.9949951171875,319.3399963378906,318.8900146484375,319.29998779296875,99415
2026-08-06 12:02:00-04:00,319.125,319.2799987792969,318.8999938964844,318.9949951171875,63593
2026-08-06 12:03:00-04:00,318.7900085449219,319.17999267578125,318.7799987792969,319.1199951171875,62440
2026-08-06 12:04:00-04:00,319.07000732421875,319.0799865722656,318.5799865722656,318.7799987792969,53353
2026-08-06 12:05:00-04:00,319.135009765625,319.2200012207031,318.79998779296875,319.0,30683
2026-08-06 12:06:00-04:00,319.2278137207031,319.2300109863281,318.90008544921875,319.07000732421875,43499
2026-08-06 12:07:00-04:00,319.67498779296875,319.8599853515625,319.1369934082031,319.19000244140625,71192
2026-08-06 12:08:00-04:00,319.42498779296875,319.9888000488281,319.32000732421875,319.6400146484375,48825
2026-08-06 12:09:00-04:00,319.4800109863281,319.5199890136719,319.0799865722656,319.42498779296875,51422
2026-08-06 12:10:00-04:00,319.4700012207031,319.69000244140625,319.42999267578125,319.42999267578125,33907
2026-08-06 12:11:00-04:00,319.20001220703125,319.57000732421875,319.1199951171875,319.57000732421875,47724
2026-08-06 12:12:00-04:00,319.1199951171875,319.2898864746094,319.0,319.1300048828125,52475
2026-08-06 12:13:00-04:00,318.9100036621094,319.239990234375,318.9100036621094,319.18499755859375,76638
2026-08-06 12:14:00-04:00,318.7650146484375,319.0599060058594,318.6405029296875,318.8999938964844,65767
2026-08-06 12:15:00-04:00,318.7200012207031,318.9200134277344,318.69500732421875,318.80999755859375,43682
2026-08-06 12:16:00-04:00,318.5,318.70001220703125,318.2950134277344,318.70001220703125,66335
2026-08-06 12:17:00-04:00,318.5150146484375,318.6799011230469,318.3999938964844,318.4100036621094,48718
2026-08-06 12:18:00-04:00,318.79998779296875,318.9599914550781,318.4100036621094,318.5450134277344,56606
2026-08-06 12:19:00-04:00,318.6499938964844,318.8800048828125,318.6499938964844,318.79998779296875,26096
2026-08-06 12:20:00-04:00,318.57000732421875,318.75,318.42999267578125,318.64990234375,33790
2026-08-06 12:21:00-04:00,318.7921142578125,319.1199951171875,318.45001220703125,318.5799865722656,41470
2026-08-06 12:22:00-04:00,318.5849914550781,319.0,318.4200134277344,318.79998779296875,41405
2026-08-06 12:23:00-04:00,318.5799865722656,318.6700134277344,318.3450012207031,318.5000915527344,41080
2026-08-06 12:24:00-04:00,318.7099914550781,318.79998779296875,318.3299865722656,318.5799865722656,35122
2026-08-06 12:25:00-04:00,318.489990234375,318.760009765625,318.4100036621094,318.7449951171875,36083
2026-08-06 12:26:00-04:00,318.6499938964844,318.6499938964844,318.3500061035156,318.42999267578125,27487
2026-08-06 12:27:00-04:00,318.864990234375,318.94000244140625,318.5400085449219,318.6000061035156,43468
2026-08-06 12:28:00-04:00,318.55999755859375,318.8900146484375,318.55999755859375,318.8900146484375,38392
2026-08-06 12:29:00-04:00,318.61669921875,318.79998779296875,318.5,318.55499267578125,39633
2026-08-06 12:30:00-04:00,318.9281005859375,318.9800109863281,318.510009765625,318.5799865722656,34506
2026-08-06 12:31:00-04:00,318.95001220703125,319.1199951171875,318.75,318.8800048828125,43524
2026-08-06 12:32:00-04:00,318.84100341796875,319.1199035644531,318.79998779296875,318.9100036621094,35731
2026-08-06 12:33:00-04:00,318.6300048828125,318.8999938964844,318.5,318.8500061035156,49483
2026-08-06 12:34:00-04:00,318.69000244140625,318.79998779296875,318.55999755859375,318.5799865722656,33682
2026-08-06 12:35:00-04:00,318.69000244140625,318.8599853515625,318.55999755859375,318.7349853515625,30818
2026-08-06 12:36:00-04:00,318.82000732421875,318.92999267578125,318.5400085449219,318.67999267578125,29907
2026-08-06 12:37:00-04:00,318.92999267578125,319.1300048828125,318.6300048828125,318.79998779296875,43440
2026-08-06 12:38:00-04:00,319.0,319.1300048828125,318.9200134277344,318.92999267578125,34324
2026-08-06 12:39:00-04:00,319.1199951171875,319.21990966796875,318.8999938964844,319.0513000488281,50650
2026-08-06 12:40:00-04:00,318.8999938964844,319.2099914550781,318.8500061035156,319.2099914550781,32392
2026-08-06 12:41:00-04:00,318.864990234375,319.0586853027344,318.5799865722656,318.9049987792969,39777
2026-08-06 12:42:00-04:00,319.0,319.0899963378906,318.7200012207031,318.80999755859375,32686
2026-08-06 12:43:00-04:00,318.6499938964844,319.1099853515625,318.6099853515625,319.05999755859375,34741
2026-08-06 12:44:00-04:00,318.5950012207031,318.7099914550781,318.5400085449219,318.6099853515625,42169
2026-08-06 12:45:00-04:00,318.5899963378906,318.8599853515625,318.5400085449219,318.5400085449219,27453
2026-08-06 12:46:00-04:00,318.22210693359375,318.6199951171875,318.19000244140625,318.6099853515625,90755
2026-08-06 12:47:00-04:00,318.4700012207031,318.5,318.1099853515625,318.2799987792969,36496
2026-08-06 12:48:00-04:00,318.6199951171875,318.75,318.29998779296875,318.489990234375,37414
2026-08-06 12:49:00-04:00,318.760009765625,318.760009765625,318.44000244140625,318.5762939453125,34224
2026-08-06 12:50:00-04:00,318.70001220703125,318.89990234375,318.6099853515625,318.7449951171875,36835
2026-08-06 12:51:00-04:00,319.1099853515625,319.3699951171875,318.6199951171875,318.6400146484375,74233
2026-08-06 12:52:00-04:00,319.110107421875,319.3450012207031,319.0600891113281,319.1700134277344,35737
2026-08-06 12:53:00-04:00,318.989990234375,319.260009765625,318.8399963378906,319.17999267578125,24173
2026-08-06 12:54:00-04:00,318.7200012207031,319.0400085449219,318.5400085449219,318.9200134277344,49684
2026-08-06 12:55:00-04:00,318.802001953125,318.94000244140625,318.66009521484375,318.70001220703125,26055
2026-08-06 12:56:00-04:00,318.9049987792969,319.0,318.79998779296875,318.9700012207031,24383
2026-08-06 12:57:00-04:00,318.7550048828125,318.94989013671875,318.7099914550781,318.9049987792969,31287
2026-08-06 12:58:00-04:00,318.9009094238281,318.9198913574219,318.7099914550781,318.7900085449219,23917
2026-08-06 12:59:00-04:00,318.9649963378906,319.0400085449219,318.8599853515625,318.8599853515625,24376
2026-08-06 13:00:00-04:00,319.4198913574219,319.44989013671875,318.9649963378906,319.0,65684
2026-08-06 13:01:00-04:00,319.1499938964844,319.45001220703125,319.1300048828125,319.36749267578125,36803
2026-08-06 13:02:00-04:00,318.864990234375,319.2200012207031,318.760009765625,319.1499938964844,35619
2026-08-06 13:03:00-04:00,318.8599853515625,319.010009765625,318.80499267578125,318.8550109863281,29563
2026-08-06 13:04:00-04:00,318.70001220703125,319.0199890136719,318.6499938964844,318.79998779296875,52161
2026-08-06 13:05:00-04:00,319.2300109863281,319.239990234375,318.6199951171875,318.7344970703125,47195
2026-08-06 13:06:00-04:00,318.9150085449219,319.29998779296875,318.8999938964844,319.239990234375,20369
2026-08-06 13:07:00-04:00,318.7250061035156,318.95001220703125,318.6000061035156,318.9200134277344,50566
2026-08-06 13:08:00-04:00,318.56500244140625,318.7336120605469,318.54998779296875,318.6600036621094,34107
2026-08-06 13:09:00-04:00,318.54998779296875,318.69000244140625,318.5199890136719,318.560302734375,22511
2026-08-06 13:10:00-04:00,318.64990234375,318.7099914550781,318.4700012207031,318.510009765625,44183
2026-08-06 13:11:00-04:00,318.6199951171875,318.6700134277344,318.3999938964844,318.6099853515625,19330
2026-08-06 13:12:00-04:00,318.6794128417969,318.67999267578125,318.45001220703125,318.57501220703125,26354
2026-08-06 13:13:00-04:00,318.56500244140625,318.82000732421875,318.5,318.67999267578125,34296
2026-08-06 13:14:00-04:00,318.4800109863281,318.69000244140625,318.3500061035156,318.54998779296875,34440
2026-08-06 13:15:00-04:00,318.3999938964844,318.57000732421875,318.30010986328125,318.45001220703125,35613
2026-08-06 13:16:00-04:00,318.3599853515625,318.5198974609375,318.33758544921875,318.3999938964844,26459
2026-08-06 13:17:00-04:00,318.42999267578125,318.510009765625,318.32000732421875,318.3999938964844,18649
2026-08-06 13:18:00-04:00,318.3399963378906,318.4649963378906,318.2300109863281,318.4049987792969,35871
2026-08-06 13:19:00-04:00,318.1883850097656,318.3599853515625,318.0799865722656,318.3500061035156,56030
2026-08-06 13:20:00-04:00,318.1099853515625,318.2799987792969,318.0299987792969,318.1400146484375,38942
2026-08-06 13:21:00-04:00,317.7900085449219,318.20001220703125,317.75,318.1600036621094,96507
2026-08-06 13:22:00-04:00,318.1000061035156,318.17999267578125,317.7099914550781,317.7950134277344,74021
2026-08-06 13:23:00-04:00,318.20001220703125,318.2799072265625,317.9599914550781,318.0899963378906,30235
2026-08-06 13:24:00-04:00,317.875,318.2084045410156,317.7699890136719,318.20001220703125,31274
2026-08-06 13:25:00-04:00,318.05499267578125,318.0899963378906,317.82000732421875,317.82000732421875,27604
2026-08-06 13:26:00-04:00,317.9700012207031,318.1400146484375,317.8901062011719,318.08990478515625,25374
2026-08-06 13:27:00-04:00,318.0299987792969,318.07000732421875,317.92999267578125,318.0215148925781,30088
2026-08-06 13:28:00-04:00,318.0849914550781,318.25,317.8999938964844,318.04998779296875,53925
2026-08-06 13:29:00-04:00,317.9100036621094,318.25,317.8800048828125,318.0379943847656,28968
2026-08-06 13:30:00-04:00,318.0450134277344,318.20001220703125,317.8299865722656,317.9049987792969,36230
2026-08-06 13:31:00-04:00,317.96990966796875,318.1099853515625,317.8699951171875,318.0450134277344,25137
2026-08-06 13:32:00-04:00,317.8999938964844,318.0799865722656,317.8699951171875,317.95001220703125,52539
2026-08-06 13:33:00-04:00,317.7650146484375,317.989990234375,317.7300109863281,317.94000244140625,33729
2026-08-06 13:34:00-04:00,317.8699951171875,317.9800109863281,317.7099914550781,317.7850036621094,30089
2026-08-06 13:35:00-04:00,317.75,318.0,317.739990234375,317.8699951171875,28579
2026-08-06 13:36:00-04:00,317.8800048828125,317.92999267578125,317.7101135253906,317.7799987792969,18907
2026-08-06 13:37:00-04:00,317.7950134277344,318.00799560546875,317.760009765625,317.8800048828125,20914
2026-08-06 13:38:00-04:00,317.79998779296875,317.95001220703125,317.67999267578125,317.8299865722656,34302
2026-08-06 13:39:00-04:00,317.68280029296875,317.9100036621094,317.6300048828125,317.7950134277344,23861
2026-08-06 13:40:00-04:00,317.45208740234375,317.739990234375,317.3900146484375,317.70001220703125,59531
2026-08-06 13:41:00-04:00,317.3999938964844,317.50250244140625,317.260009765625,317.4100036621094,54239
2026-08-06 13:42:00-04:00,317.70001220703125,317.7200012207031,317.3500061035156,317.45989990234375,39646
2026-08-06 13:43:00-04:00,317.5400085449219,317.7200012207031,317.3900146484375,317.7200012207031,24486
2026-08-06 13:44:00-04:00,317.48419189453125,317.54998779296875,317.3399963378906,317.489990234375,30564
2026-08-06 13:45:00-04:00,317.95001220703125,318.0098876953125,317.4200134277344,317.4200134277344,77286
2026-08-06 13:46:00-04:00,317.8999938964844,317.9599914550781,317.7699890136719,317.8599853515625,32227
2026-08-06 13:47:00-04:00,317.8599853515625,318.0400085449219,317.7738952636719,317.95001220703125,57745
2026-08-06 13:48:00-04:00,317.7550048828125,317.92999267578125,317.6401062011719,317.8799133300781,39582
2026-08-06 13:49:00-04:00,317.5799865722656,317.8800048828125,317.57501220703125,317.82000732421875,29579
2026-08-06 13:50:00-04:00,317.6400146484375,317.70001220703125,317.54998779296875,317.6499938964844,25560
2026-08-06 13:51:00-04:00,317.8550109863281,317.9200134277344,317.5600891113281,317.6000061035156,38639
2026-08-06 13:52:00-04:00,318.0801086425781,318.21990966796875,317.7300109863281,317.80999755859375,47727
2026-08-06 13:53:00-04:00,318.1499938964844,318.2099914550781,317.9700012207031,318.1514892578125,34027
2026-08-06 13:54:00-04:00,318.1400146484375,318.19000244140625,317.99639892578125,318.1499938964844,21615
2026-08-06 13:55:00-04:00,318.1400146484375,318.29998779296875,318.0400085449219,318.0899963378906,43470
2026-08-06 13:56:00-04:00,318.0000915527344,318.2499084472656,317.9599914550781,318.1400146484375,25843
2026-08-06 13:57:00-04:00,318.43499755859375,318.4800109863281,318.0010070800781,318.0899963378906,57380
2026-08-06 13:58:00-04:00,318.3500061035156,318.510009765625,318.32501220703125,318.43499755859375,34160
2026-08-06 13:59:00-04:00,318.3999938964844,318.4200134277344,318.2300109863281,318.30999755859375,18641
2026-08-06 14:00:00-04:00,318.4200134277344,318.4200134277344,318.1099853515625,318.30999755859375,40747
2026-08-06 14:01:00-04:00,318.1099853515625,318.4200134277344,318.05999755859375,318.3500061035156,34759
2026-08-06 14:02:00-04:00,317.92999267578125,318.1499938964844,317.7969970703125,318.1000061035156,44624
2026-08-06 14:03:00-04:00,318.0899963378906,318.0989990234375,317.8599853515625,317.8599853515625,29405
2026-08-06 14:04:00-04:00,318.260009765625,318.260009765625,318.0299987792969,318.1000061035156,31799
2026-08-06 14:05:00-04:00,318.2049865722656,318.29998779296875,318.1167907714844,318.2799987792969,30780
2026-08-06 14:06:00-04:00,318.3550109863281,318.4100036621094,318.07000732421875,318.2200012207031,35020
2026-08-06 14:07:00-04:00,318.4100036621094,318.42999267578125,318.29998779296875,318.30999755859375,21717
2026-08-06 14:08:00-04:00,318.260009765625,318.4898986816406,318.2300109863281,318.4299011230469,33702
2026-08-06 14:09:00-04:00,318.375,318.3900146484375,318.1000061035156,318.260009765625,40663
2026-08-06 14:10:00-04:00,318.260009765625,318.3999938964844,318.2200012207031,318.375,30733
2026-08-06 14:11:00-04:00,318.2300109863281,318.32000732421875,318.1400146484375,318.260009765625,28401
2026-08-06 14:12:00-04:00,318.30999755859375,318.489990234375,318.2099914550781,318.2550048828125,29270
2026-08-06 14:13:00-04:00,318.3450012207031,318.3500061035156,318.1700134277344,318.3399963378906,31517
2026-08-06 14:14:00-04:00,318.4700012207031,318.5899963378906,318.2200012207031,318.30999755859375,38625
2026-08-06 14:15:00-04:00,318.3599853515625,318.6499938964844,318.3599853515625,318.4849853515625,41019
2026-08-06 14:16:00-04:00,318.6600036621094,318.69000244140625,318.04998779296875,318.375,74062
2026-08-06 14:17:00-04:00,318.5799865722656,318.80999755859375,318.489990234375,318.6499938964844,47802
2026-08-06 14:18:00-04:00,318.79998779296875,318.8800048828125,318.5,318.5798034667969,42651
2026-08-06 14:19:00-04:00,318.69500732421875,318.8399963378906,318.6499938964844,318.7950134277344,31374
2026-08-06 14:20:00-04:00,318.7900085449219,318.8599853515625,318.6300048828125,318.7149963378906,36013
2026-08-06 14:21:00-04:00,319.125,319.20001220703125,318.79998779296875,318.8599853515625,63408
2026-08-06 14:22:00-04:00,318.9750061035156,319.19000244140625,318.9200134277344,319.05999755859375,33914
2026-08-06 14:23:00-04:00,318.8299865722656,319.1499938964844,318.79998779296875,319.0299072265625,28851
2026-08-06 14:24:00-04:00,318.7756042480469,318.8900146484375,318.67999267578125,318.8399963378906,30872
2026-08-06 14:25:00-04:00,318.69000244140625,318.9100036621094,318.6600036621094,318.79998779296875,43160
2026-08-06 14:26:00-04:00,318.7298889160156,318.837890625,318.6499938964844,318.660400390625,29508
2026-08-06 14:27:00-04:00,318.75,318.8299865722656,318.5799865722656,318.7049865722656,21649
2026-08-06 14:28:00-04:00,318.79998779296875,318.8599853515625,318.7099914550781,318.7550048828125,27887
2026-08-06 14:29:00-04:00,318.5780944824219,318.8399963378906,318.510009765625,318.82000732421875,39160
2026-08-06 14:30:00-04:00,318.6000061035156,318.739990234375,318.5,318.55499267578125,35639
2026-08-06 14:31:00-04:00,318.57501220703125,318.6499938964844,318.44000244140625,318.6000061035156,21561
2026-08-06 14:32:00-04:00,318.760009765625,318.83990478515625,318.51910400390625,318.57501220703125,38516
2026-08-06 14:33:00-04:00,318.6199951171875,318.7898864746094,318.54339599609375,318.7099914550781,41353
2026-08-06 14:34:00-04:00,318.4800109863281,318.6600036621094,318.3999938964844,318.5400085449219,36535
2026-08-06 14:35:00-04:00,318.5299987792969,318.739990234375,318.4418029785156,318.4849853515625,25399
2026-08-06 14:36:00-04:00,318.56500244140625,318.6499938964844,318.5299987792969,318.5299987792969,11721
2026-08-06 14:37:00-04:00,318.57000732421875,318.6199951171875,318.5,318.56500244140625,13372
2026-08-06 14:38:00-04:00,318.3299865722656,318.58990478515625,318.29998779296875,318.5799865722656,31977
2026-08-06 14:39:00-04:00,318.3500061035156,318.42999267578125,318.2699890136719,318.3699951171875,26519
2026-08-06 14:40:00-04:00,318.3599853515625,318.3999938964844,318.25,318.32501220703125,16975
2026-08-06 14:41:00-04:00,318.29998779296875,318.5118103027344,318.2900085449219,318.3807067871094,26641
2026-08-06 14:42:00-04:00,318.2699890136719,318.29998779296875,318.20001220703125,318.2669982910156,35166
2026-08-06 14:43:00-04:00,318.6199951171875,318.6199951171875,318.20001220703125,318.20001220703125,39567
2026-08-06 14:44:00-04:00,318.55999755859375,318.7200012207031,318.45001220703125,318.6199951171875,334078
2026-08-06 14:45:00-04:00,318.69000244140625,318.8399963378906,318.55999755859375,318.6099853515625,31740
2026-08-06 14:46:00-04:00,318.7749938964844,318.8699951171875,318.70001220703125,318.739990234375,26205
2026-08-06 14:47:00-04:00,318.6499938964844,318.79998779296875,318.5299987792969,318.79998779296875,19876
2026-08-06 14:48:00-04:00,318.739990234375,318.8900146484375,318.6099853515625,318.6600036621094,35970
2026-08-06 14:49:00-04:00,318.6300048828125,318.7699890136719,318.54998779296875,318.6700134277344,20899
2026-08-06 14:50:00-04:00,318.8616943359375,318.8616943359375,318.55999755859375,318.57000732421875,23498
2026-08-06 14:51:00-04:00,318.739990234375,318.8559875488281,318.6700134277344,318.8500061035156,11810
2026-08-06 14:52:00-04:00,318.739990234375,318.79998779296875,318.6600036621094,318.7200012207031,19568
2026-08-06 14:53:00-04:00,318.79339599609375,318.8599853515625,318.6400146484375,318.70001220703125,17006
2026-08-06 14:54:00-04:00,318.70001220703125,318.82000732421875,318.6600036621094,318.8070068359375,14681
2026-08-06 14:55:00-04:00,318.7099914550781,318.760009765625,318.6099853515625,318.69000244140625,19200
2026-08-06 14:56:00-04:00,318.7200012207031,318.79998779296875,318.6499938964844,318.7300109863281,38957
2026-08-06 14:57:00-04:00,318.8349914550781,318.85888671875,318.5799865722656,318.6300048828125,25138
2026-08-06 14:58:00-04:00,318.7799987792969,318.9599914550781,318.7001037597656,318.80999755859375,28932
2026-08-06 14:59:00-04:00,318.75,318.7998962402344,318.5950012207031,318.7900085449219,18362
2026-08-06 15:00:00-04:00,318.9700012207031,319.0,318.69000244140625,318.7200012207031,50022
2026-08-06 15:01:00-04:00,319.2200012207031,319.2200012207031,318.9800109863281,318.9800109863281,38170
2026-08-06 15:02:00-04:00,319.2950134277344,319.3800048828125,319.20001220703125,319.2300109863281,48983
2026-08-06 15:03:00-04:00,319.2300109863281,319.3800048828125,319.20001220703125,319.2601013183594,56989
2026-08-06 15:04:00-04:00,319.3900146484375,319.4200134277344,319.20001220703125,319.25,32825
2026-08-06 15:05:00-04:00,319.4508056640625,319.7099914550781,319.3699951171875,319.3949890136719,59197
2026-08-06 15:06:00-04:00,319.4750061035156,319.6400146484375,319.44000244140625,319.5299987792969,34056
2026-08-06 15:07:00-04:00,319.30999755859375,319.4849853515625,319.2601013183594,319.4849853515625,32830
2026-08-06 15:08:00-04:00,319.67498779296875,319.82000732421875,319.20001220703125,319.31500244140625,58713
2026-08-06 15:09:00-04:00,319.7200012207031,319.7900085449219,319.610107421875,319.61669921875,28128
2026-08-06 15:10:00-04:00,319.6499938964844,319.82940673828125,319.6199951171875,319.70318603515625,31842
2026-08-06 15:11:00-04:00,319.45001220703125,319.6700134277344,319.45001220703125,319.6700134277344,30052
2026-08-06 15:12:00-04:00,319.531494140625,319.69000244140625,319.4599914550781,319.5050048828125,32348
2026-08-06 15:13:00-04:00,319.2799987792969,319.58349609375,319.2099914550781,319.5799865722656,39841
2026-08-06 15:14:00-04:00,319.05999755859375,319.29998779296875,319.0169982910156,319.25,30555
2026-08-06 15:15:00-04:00,319.1300048828125,319.1700134277344,319.0400085449219,319.0400085449219,229722
2026-08-06 15:16:00-04:00,319.1400146484375,319.2799987792969,319.0,319.1300048828125,35821
2026-08-06 15:17:00-04:00,319.1099853515625,319.20001220703125,319.04998779296875,319.1099853515625,18954
2026-08-06 15:18:00-04:00,319.20001220703125,319.2200012207031,319.010009765625,319.1099853515625,31856
2026-08-06 15:19:00-04:00,319.1816101074219,319.29998779296875,319.1199951171875,319.1700134277344,25370
2026-08-06 15:20:00-04:00,319.19000244140625,319.239990234375,319.1000061035156,319.1600036621094,21224
2026-08-06 15:21:00-04:00,319.20001220703125,319.5400085449219,319.1700134277344,319.19000244140625,32898
2026-08-06 15:22:00-04:00,319.2650146484375,319.29998779296875,319.135009765625,319.2200012207031,27371
2026-08-06 15:23:00-04:00,319.375,319.4800109863281,319.239990234375,319.25,19597
2026-08-06 15:24:00-04:00,318.9471130371094,319.39898681640625,318.9471130371094,319.38909912109375,34054
2026-08-06 15:25:00-04:00,318.70001220703125,318.95001220703125,318.6400146484375,318.93011474609375,69099
2026-08-06 15:26:00-04:00,318.69049072265625,318.8800048828125,318.6300048828125,318.75,30200
2026-08-06 15:27:00-04:00,318.760009765625,318.92999267578125,318.69000244140625,318.75,35687
2026-08-06 15:28:00-04:00,319.0150146484375,319.0199890136719,318.7200012207031,318.75,30235
2026-08-06 15:29:00-04:00,318.7699890136719,318.9800109863281,318.7300109863281,318.92999267578125,31514
2026-08-06 15:30:00-04:00,319.6400146484375,319.70001220703125,318.64129638671875,318.79998779296875,80601
2026-08-06 15:31:00-04:00,319.864990234375,319.8898010253906,319.3999938964844,319.6199951171875,0
2026-08-06 15:32:00-04:00,319.67498779296875,319.9700012207031,319.6300048828125,319.864990234375,57813
2026-08-06 15:33:00-04:00,319.6199951171875,319.7449951171875,319.6000061035156,319.67999267578125,43500
2026-08-06 15:34:00-04:00,319.70001220703125,319.75,319.45001220703125,319.6000061035156,42980
2026-08-06 15:35:00-04:00,319.3900146484375,319.7398986816406,319.3900146484375,319.7099914550781,35050
2026-08-06 15:36:00-04:00,319.3599853515625,319.45001220703125,319.1606140136719,319.3900146484375,39095
2026-08-06 15:37:00-04:00,319.20001220703125,319.3999938964844,319.20001220703125,319.3399963378906,26901
2026-08-06 15:38:00-04:00,318.8699951171875,319.260009765625,318.8699951171875,319.2300109863281,38765
2026-08-06 15:39:00-04:00,318.67999267578125,318.95001220703125,318.6499938964844,318.8699951171875,50334
2026-08-06 15:40:00-04:00,318.7650146484375,318.8349914550781,318.5899963378906,318.6650085449219,108345
2026-08-06 15:41:00-04:00,318.7200012207031,318.80999755859375,318.6000061035156,318.75,30373
2026-08-06 15:42:00-04:00,318.55999755859375,318.68499755859375,318.45001220703125,318.6700134277344,206585
2026-08-06 15:43:00-04:00,318.5899963378906,318.7200012207031,318.4599914550781,318.473388671875,28826
2026-08-06 15:44:00-04:00,318.7650146484375,318.81988525390625,318.54998779296875,318.590087890625,69423
2026-08-06 15:45:00-04:00,318.82501220703125,318.8599853515625,318.54998779296875,318.82000732421875,37160
2026-08-06 15:46:00-04:00,318.54998779296875,318.8598937988281,318.5,318.7799987792969,40830
2026-08-06 15:47:00-04:00,318.4901123046875,318.69000244140625,318.489990234375,318.5480041503906,32540
2026-08-06 15:48:00-04:00,318.57000732421875,318.6700134277344,318.4700012207031,318.5299987792969,35756
2026-08-06 15:49:00-04:00,318.6650085449219,318.6824951171875,318.5199890136719,318.6300048828125,37555
2026-08-06 15:50:00-04:00,318.55999755859375,318.7300109863281,318.30999755859375,318.6300048828125,59653
2026-08-06 15:51:00-04:00,318.5400085449219,318.75,318.5,318.5799865722656,59133
2026-08-06 15:52:00-04:00,318.6499938964844,318.79998779296875,318.4100036621094,318.5400085449219,56491
2026-08-06 15:53:00-04:00,319.0450134277344,319.20001220703125,318.5799865722656,318.67999267578125,105538
2026-08-06 15:54:00-04:00,319.4200134277344,319.5799865722656,318.92999267578125,319.0450134277344,88057
2026-08-06 15:55:00-04:00,319.7294921875,320.1400146484375,319.2900085449219,319.2900085449219,193081
2026-08-06 15:56:00-04:00,319.739013671875,320.0199890136719,319.55999755859375,319.760009765625,134085
2026-08-06 15:57:00-04:00,319.7659912109375,319.9800109863281,319.6600036621094,319.7099914550781,135698
2026-08-06 15:58:00-04:00,319.635009765625,319.8800048828125,319.6099853515625,319.7850036621094,165058
2026-08-06 15:59:00-04:00,319.6199951171875,319.7900085449219,319.3299865722656,319.6400146484375,405236
2026-08-07 09:30:00-04:00,323.4150085449219,323.4599914550781,322.2300109863281,322.25,1021960
2026-08-07 09:31:00-04:00,323.4800109863281,324.4100036621094,322.20001220703125,323.21600341796875,230897
2026-08-07 09:32:00-04:00,323.8349914550781,324.30999755859375,323.1600036621094,323.5249938964844,170549
2026-08-07 09:33:00-04:00,321.9849853515625,324.2900085449219,321.5799865722656,323.8349914550781,254701
2026-08-07 09:34:00-04:00,321.83990478515625,322.3299865722656,321.25079345703125,321.8800048828125,141662
2026-08-07 09:35:00-04:00,322.3999938964844,322.4700012207031,321.2900085449219,321.7149963378906,145122
2026-08-07 09:36:00-04:00,322.0,322.9399108886719,321.8500061035156,322.29998779296875,137477
2026-08-07 09:37:00-04:00,322.42498779296875,322.6300048828125,321.85009765625,322.0398864746094,74600
2026-08-07 09:38:00-04:00,323.7749938964844,323.79150390625,322.4100036621094,322.4800109863281,153717
2026-08-07 09:39:00-04:00,324.0899963378906,324.54998779296875,323.54998779296875,323.7650146484375,205008
2026-08-07 09:40:00-04:00,325.3550109863281,325.8800048828125,324.0299987792969,324.0299987792969,357590
2026-08-07 09:41:00-04:00,324.7101135253906,325.7698974609375,324.3500061035156,325.3550109863281,229224
2026-08-07 09:42:00-04:00,325.3949890136719,325.3999938964844,324.5000915527344,324.7950134277344,164860
2026-08-07 09:43:00-04:00,325.82000732421875,326.3678894042969,325.1545104980469,325.3949890136719,220540
2026-08-07 09:44:00-04:00,326.260009765625,326.5400085449219,325.7500915527344,325.8800048828125,154058
2026-08-07 09:45:00-04:00,326.8340148925781,327.0799865722656,326.07000732421875,326.260009765625,236585
2026-08-07 09:46:00-04:00,326.90008544921875,327.0400085449219,325.9100036621094,326.8550109863281,193847
2026-08-07 09:47:00-04:00,326.8666076660156,327.2300109863281,326.32281494140625,326.94000244140625,249147
2026-08-07 09:48:00-04:00,326.8699951171875,327.6000061035156,326.677001953125,326.8500061035156,286174
2026-08-07 09:49:00-04:00,326.989990234375,327.19000244140625,326.75,326.8800048828125,162930
2026-08-07 09:50:00-04:00,328.40838623046875,328.4200134277344,326.9200134277344,326.92999267578125,267148
2026-08-07 09:51:00-04:00,328.07501220703125,328.5,327.3399963378906,328.3699951171875,179509
2026-08-07 09:52:00-04:00,328.63299560546875,328.9200134277344,327.8500061035156,328.0299987792969,204474
2026-08-07 09:53:00-04:00,328.19000244140625,328.6600036621094,327.8299865722656,328.57000732421875,130686
2026-08-07 09:54:00-04:00,328.3800048828125,328.5400085449219,328.0199890136719,328.18499755859375,150459
2026-08-07 09:55:00-04:00,328.07000732421875,328.489990234375,327.7200012207031,328.375,189579
2026-08-07 09:56:00-04:00,326.8949890136719,328.04998779296875,326.75,328.0400085449219,195580
2026-08-07 09:57:00-04:00,326.66009521484375,327.05999755859375,326.4100036621094,326.8689880371094,146244
2026-08-07 09:58:00-04:00,326.0899963378906,326.82000732421875,325.9801940917969,326.6499938964844,174294
2026-08-07 09:59:00-04:00,326.57000732421875,326.8494873046875,325.9800109863281,326.1199951171875,137894
2026-08-07 10:00:00-04:00,326.7250061035156,326.8999938964844,325.9200134277344,326.6499938964844,130468
2026-08-07 10:01:00-04:00,325.7900085449219,326.7499084472656,325.2099914550781,326.68499755859375,128677
2026-08-07 10:02:00-04:00,325.7250061035156,326.07000732421875,325.5,325.69000244140625,98118
2026-08-07 10:03:00-04:00,324.8949890136719,325.8800048828125,324.6000061035156,325.7099914550781,178913
2026-08-07 10:04:00-04:00,323.9599914550781,324.9200134277344,323.8900146484375,324.8500061035156,149449
2026-08-07 10:05:00-04:00,324.1199951171875,324.502197265625,323.8500061035156,323.98199462890625,168708
2026-08-07 10:06:00-04:00,324.9100036621094,324.92999267578125,324.0,324.17999267578125,86366
2026-08-07 10:07:00-04:00,324.67999267578125,324.9587097167969,324.360107421875,324.94000244140625,72994
2026-08-07 10:08:00-04:00,324.6900939941406,324.9700012207031,324.20001220703125,324.6549987792969,68559
2026-08-07 10:09:00-04:00,324.364990234375,324.6199951171875,324.110107421875,324.5899963378906,58466
2026-08-07 10:10:00-04:00,324.69500732421875,324.760009765625,324.2799987792969,324.3599853515625,71700
2026-08-07 10:11:00-04:00,324.1600036621094,324.89190673828125,324.0899963378906,324.7450866699219,95385
2026-08-07 10:12:00-04:00,323.7550048828125,324.1918029785156,323.4162902832031,324.1918029785156,136312
2026-08-07 10:13:00-04:00,323.9800109863281,324.1799011230469,323.5,323.7550048828125,63332
2026-08-07 10:14:00-04:00,323.1499938964844,324.0400085449219,323.1499938964844,323.9200134277344,78014
2026-08-07 10:15:00-04:00,323.4800109863281,323.6000061035156,322.80010986328125,323.1300048828125,160305
2026-08-07 10:16:00-04:00,323.6099853515625,323.77960205078125,323.2699890136719,323.5242004394531,83027
2026-08-07 10:17:00-04:00,323.6400146484375,324.20001220703125,323.5,323.6300048828125,72201
2026-08-07 10:18:00-04:00,324.2749938964844,324.281005859375,323.59051513671875,323.6199951171875,93682
2026-08-07 10:19:00-04:00,324.9200134277344,324.989990234375,324.16009521484375,324.2749938964844,108324
2026-08-07 10:20:00-04:00,325.4800109863281,325.6199951171875,324.5350036621094,324.9385070800781,212374
2026-08-07 10:21:00-04:00,326.0400085449219,326.1700134277344,325.3900146484375,325.3900146484375,149855
2026-08-07 10:22:00-04:00,325.76361083984375,326.2200012207031,325.60089111328125,326.0199890136719,149994
2026-08-07 10:23:00-04:00,326.70001220703125,326.7900085449219,325.69000244140625,325.7449951171875,120833
2026-08-07 10:24:00-04:00,326.4200134277344,326.7598876953125,326.0,326.70001220703125,82663
2026-08-07 10:25:00-04:00,327.0400085449219,327.3500061035156,326.375,326.385009765625,166028
2026-08-07 10:26:00-04:00,327.4549865722656,327.4549865722656,326.9800109863281,327.0799865722656,98648
2026-08-07 10:27:00-04:00,327.6400146484375,327.7699890136719,327.239990234375,327.42999267578125,124127
2026-08-07 10:28:00-04:00,328.385009765625,328.45001220703125,327.6070861816406,327.6600036621094,172043
2026-08-07 10:29:00-04:00,327.2200012207031,328.4100036621094,327.1499938964844,328.3599853515625,197336
2026-08-07 10:30:00-04:00,326.885009765625,327.55999755859375,326.79998779296875,327.1700134277344,205648
2026-08-07 10:31:00-04:00,327.3529968261719,327.44000244140625,326.79998779296875,326.885009765625,141387
2026-08-07 10:32:00-04:00,327.67498779296875,327.8999938964844,327.18011474609375,327.2900085449219,130032
2026-08-07 10:33:00-04:00,328.239990234375,328.29998779296875,327.20001220703125,327.67498779296875,155991
2026-08-07 10:34:00-04:00,327.6700134277344,328.2799987792969,327.5245056152344,328.2799987792969,99598
2026-08-07 10:35:00-04:00,327.6700134277344,328.5899963378906,327.3999938964844,327.7149963378906,247561
2026-08-07 10:36:00-04:00,328.125,328.2049865722656,327.6449890136719,327.6449890136719,138766
2026-08-07 10:37:00-04:00,328.2699890136719,328.5299987792969,328.1099853515625,328.125,227189
2026-08-07 10:38:00-04:00,328.3399963378906,328.6000061035156,328.1199951171875,328.2550048828125,140710
2026-08-07 10:39:00-04:00,327.8949890136719,328.3599853515625,327.7799987792969,328.3100891113281,126613
2026-08-07 10:40:00-04:00,328.8500061035156,328.9198913574219,327.8800048828125,327.93499755859375,164924
2026-08-07 10:41:00-04:00,328.3900146484375,328.8999938964844,328.0199890136719,328.8399963378906,125047
2026-08-07 10:42:00-04:00,328.7900085449219,329.4800109863281,328.42999267578125,328.5,216715
2026-08-07 10:43:00-04:00,328.8599853515625,328.9194030761719,328.2434997558594,328.80999755859375,90138
2026-08-07 10:44:00-04:00,328.7300109863281,328.82501220703125,328.340087890625,328.7900085449219,71989
2026-08-07 10:45:00-04:00,329.81500244140625,329.8699951171875,328.5899963378906,328.82000732421875,201947
2026-08-07 10:46:00-04:00,329.6199951171875,330.1000061035156,329.3299865722656,329.8399963378906,386027
2026-08-07 10:47:00-04:00,330.3999938964844,330.42999267578125,329.610107421875,329.6199951171875,176755
2026-08-07 10:48:00-04:00,330.42999267578125,330.7493896484375,330.239990234375,330.4599914550781,209831
2026-08-07 10:49:00-04:00,329.7749938964844,330.5299072265625,329.2500915527344,330.4800109863281,267712
2026-08-07 10:50:00-04:00,330.07110595703125,330.20001220703125,329.69000244140625,329.82000732421875,171241
2026-08-07 10:51:00-04:00,329.9599914550781,330.5350036621094,329.7701110839844,330.0700988769531,191922
2026-08-07 10:52:00-04:00,329.91400146484375,330.30999755859375,329.7550048828125,329.8699951171875,139931
2026-08-07 10:53:00-04:00,329.7300109863281,330.3900146484375,329.6400146484375,329.8699951171875,99986
2026-08-07 10:54:00-04:00,329.7950134277344,330.1000061035156,329.6400146484375,329.75,116362
2026-08-07 10:55:00-04:00,330.2200012207031,330.2699890136719,329.75,329.7749938964844,119635
2026-08-07 10:56:00-04:00,329.875,330.5899963378906,329.75,330.2149963378906,150376
2026-08-07 10:57:00-04:00,330.0,330.19989013671875,329.8500061035156,329.9100036621094,86639
2026-08-07 10:58:00-04:00,330.0799865722656,330.239990234375,329.7705993652344,329.9200134277344,121550
2026-08-07 10:59:00-04:00,330.0,330.17999267578125,329.82000732421875,330.07000732421875,71716
2026-08-07 11:00:00-04:00,329.855712890625,330.1000061035156,329.6619873046875,330.0050048828125,96997
2026-08-07 11:01:00-04:00,330.6004943847656,330.659912109375,329.70001220703125,329.8800048828125,142205
2026-08-07 11:02:00-04:00,330.4154968261719,330.9513854980469,330.2309875488281,330.635009765625,147561
2026-08-07 11:03:00-04:00,330.80999755859375,330.8999938964844,330.2699890136719,330.5,77574
2026-08-07 11:04:00-04:00,330.82000732421875,331.1899108886719,330.4700927734375,330.80999755859375,180059
2026-08-07 11:05:00-04:00,331.114990234375,331.3601989746094,330.8631896972656,330.8800048828125,124039
2026-08-07 11:06:00-04:00,330.6050109863281,331.2200012207031,330.4700012207031,331.114990234375,83482
2026-08-07 11:07:00-04:00,330.2200012207031,330.909912109375,330.17999267578125,330.5400085449219,130606
2026-08-07 11:08:00-04:00,330.4200134277344,330.6499938964844,330.18011474609375,330.2001953125,63266
2026-08-07 11:09:00-04:00,330.1900939941406,330.4999084472656,330.0199890136719,330.4341125488281,86197
2026-08-07 11:10:00-04:00,330.19000244140625,330.3699035644531,330.05999755859375,330.2200012207031,40428
2026-08-07 11:11:00-04:00,329.92559814453125,330.42999267578125,329.8888854980469,330.19500732421875,71600
2026-08-07 11:12:00-04:00,329.6000061035156,330.17999267578125,329.6000061035156,329.9599914550781,65389
2026-08-07 11:13:00-04:00,329.4393005371094,329.7900085449219,329.34039306640625,329.6000061035156,118565
2026-08-07 11:14:00-04:00,329.81048583984375,329.8800048828125,329.4599914550781,329.4599914550781,125309
2026-08-07 11:15:00-04:00,330.05999755859375,330.17999267578125,329.6600036621094,329.8106994628906,66399
2026-08-07 11:16:00-04:00,329.92999267578125,330.3299865722656,329.8804931640625,330.05999755859375,74082
2026-08-07 11:17:00-04:00,329.8500061035156,330.1099853515625,329.760009765625,329.9150085449219,53660
2026-08-07 11:18:00-04:00,330.135009765625,330.17999267578125,329.760009765625,329.885009765625,61225
2026-08-07 11:19:00-04:00,330.4100036621094,330.4100036621094,330.0199890136719,330.135009765625,70044
2026-08-07 11:20:00-04:00,330.5950927734375,330.75,330.33880615234375,330.3399963378906,124934
2026-08-07 11:21:00-04:00,331.15008544921875,331.2300109863281,330.55999755859375,330.5950012207031,123861
2026-08-07 11:22:00-04:00,331.56988525390625,331.6000061035156,331.010009765625,331.1499938964844,161417
2026-08-07 11:23:00-04:00,331.9100036621094,331.95001220703125,331.4014892578125,331.55218505859375,149190
2026-08-07 11:24:00-04:00,332.2099914550781,332.2840881347656,331.82000732421875,331.9100036621094,158628
2026-08-07 11:25:00-04:00,332.67498779296875,332.7898864746094,332.17010498046875,332.2099914550781,212807
2026-08-07 11:26:00-04:00,333.0400085449219,333.1499938964844,332.6600036621094,332.67498779296875,168082
2026-08-07 11:27:00-04:00,332.92498779296875,333.29998779296875,332.8999938964844,333.0249938964844,128006
2026-08-07 11:28:00-04:00,333.29998779296875,333.3599853515625,332.80010986328125,332.92498779296875,163636
2026-08-07 11:29:00-04:00,333.2699890136719,333.3399963378906,332.82000732421875,333.2950134277344,141994
2026-08-07 11:30:00-04:00,333.3399963378906,333.4399108886719,333.03009033203125,333.20831298828125,95084
2026-08-07 11:31:00-04:00,333.4599914550781,333.7030029296875,333.0801086425781,333.34039306640625,182406
2026-08-07 11:32:00-04:00,333.510009765625,333.7298889160156,333.2699890136719,333.45001220703125,118643
2026-08-07 11:33:00-04:00,333.4200134277344,333.6000061035156,333.20001220703125,333.5050048828125,110373
2026-08-07 11:34:00-04:00,332.4949951171875,333.489990234375,332.42999267578125,333.489990234375,138173
2026-08-07 11:35:00-04:00,332.1351013183594,332.60931396484375,332.04998779296875,332.4617919921875,131582
2026-08-07 11:36:00-04:00,331.989990234375,332.2598876953125,331.80999755859375,332.135009765625,102595
2026-08-07 11:37:00-04:00,332.1401062011719,332.2900085449219,331.75,331.9945068359375,89744
2026-08-07 11:38:00-04:00,331.8800048828125,332.2998962402344,331.8800048828125,332.19500732421875,66560
2026-08-07 11:39:00-04:00,332.05999755859375,332.29730224609375,331.80999755859375,331.8800048828125,81060
2026-08-07 11:40:00-04:00,332.0450134277344,332.1499938964844,331.95001220703125,332.1000061035156,35960
2026-08-07 11:41:00-04:00,331.6099853515625,332.0,331.5,332.0,115136
2026-08-07 11:42:00-04:00,331.510009765625,331.7149963378906,331.45001220703125,331.6556091308594,73084
2026-08-07 11:43:00-04:00,331.3550109863281,331.5400085449219,331.260009765625,331.5400085449219,63491
2026-08-07 11:44:00-04:00,331.7099914550781,331.8399963378906,331.30010986328125,331.3299865722656,79807
2026-08-07 11:45:00-04:00,331.6199951171875,331.7300109863281,331.5199890136719,331.6853942871094,41899
2026-08-07 11:46:00-04:00,331.739990234375,331.9089050292969,331.5950012207031,331.67999267578125,51702
2026-08-07 11:47:00-04:00,331.9049987792969,331.9700012207031,331.54998779296875,331.7699890136719,69403
2026-08-07 11:48:00-04:00,331.9410095214844,332.1700134277344,331.864990234375,331.8900146484375,119536
2026-08-07 11:49:00-04:00,331.8800048828125,332.0199890136719,331.57000732421875,331.95721435546875,48978
2026-08-07 11:50:00-04:00,332.239990234375,332.2900085449219,331.89599609375,331.9049987792969,76050
2026-08-07 11:51:00-04:00,332.2015075683594,332.54998779296875,332.1199951171875,332.2300109863281,77371
2026-08-07 11:52:00-04:00,332.1763000488281,332.3500061035156,332.0199890136719,332.2200012207031,50877
2026-08-07 11:53:00-04:00,331.85980224609375,332.2398986816406,331.51019287109375,332.1600036621094,112636
2026-08-07 11:54:00-04:00,331.75,331.8435974121094,331.5,331.80999755859375,54003
2026-08-07 11:55:00-04:00,331.67999267578125,331.7749938964844,331.5299987792969,331.7749938964844,37134
2026-08-07 11:56:00-04:00,331.8999938964844,331.8999938964844,331.5981140136719,331.7749938964844,38427
2026-08-07 11:57:00-04:00,331.54998779296875,331.8999938964844,331.45001220703125,331.864990234375,55153
2026-08-07 11:58:00-04:00,331.7349853515625,331.8299865722656,331.4800109863281,331.54998779296875,49370
2026-08-07 11:59:00-04:00,331.5899963378906,331.7349853515625,331.44000244140625,331.7349853515625,41845
2026-08-07 12:00:00-04:00,331.06500244140625,331.6600036621094,330.9100036621094,331.6300048828125,91406
2026-08-07 12:01:00-04:00,331.1700134277344,331.1700134277344,330.8999938964844,331.0400085449219,88859
2026-08-07 12:02:00-04:00,331.364990234375,331.5,331.1199951171875,331.20989990234375,66435
2026-08-07 12:03:00-04:00,331.55999755859375,331.6400146484375,331.2200012207031,331.375,42897
2026-08-07 12:04:00-04:00,331.7734069824219,331.8399963378906,331.3500061035156,331.5899963378906,53009
2026-08-07 12:05:00-04:00,331.6050109863281,331.82000732421875,331.5,331.7799987792969,63219
2026-08-07 12:06:00-04:00,331.7650146484375,331.78900146484375,331.5000915527344,331.6300048828125,29612
2026-08-07 12:07:00-04:00,332.010009765625,332.14990234375,331.6600036621094,331.7799987792969,74489
2026-08-07 12:08:00-04:00,331.8800048828125,332.0799865722656,331.8500061035156,332.0,34876
2026-08-07 12:09:00-04:00,332.07501220703125,332.0881042480469,331.6600036621094,331.8399963378906,36899
2026-08-07 12:10:00-04:00,331.9750061035156,332.2622985839844,331.92999267578125,332.1000061035156,55803
2026-08-07 12:11:00-04:00,332.08990478515625,332.1098937988281,331.8800048828125,331.9800109863281,39050
2026-08-07 12:12:00-04:00,331.8699951171875,332.0899963378906,331.66009521484375,332.0450134277344,50169
2026-08-07 12:13:00-04:00,331.739990234375,332.0,331.7200012207031,331.8450012207031,36746
2026-08-07 12:14:00-04:00,331.66009521484375,331.8999938964844,331.6099853515625,331.70001220703125,39079
2026-08-07 12:15:00-04:00,331.6799011230469,331.79998779296875,331.40008544921875,331.6698913574219,55558
2026-08-07 12:16:00-04:00,331.57000732421875,331.68310546875,331.3949890136719,331.6199951171875,40394
2026-08-07 12:17:00-04:00,331.3900146484375,331.5932922363281,331.3500061035156,331.55499267578125,41853
2026-08-07 12:18:00-04:00,331.239990234375,331.4200134277344,331.2099914550781,331.3999938964844,42078
2026-08-07 12:19:00-04:00,330.6449890136719,331.29998779296875,330.54998779296875,331.2250061035156,73518
2026-08-07 12:20:00-04:00,330.6449890136719,331.010009765625,330.54998779296875,330.6449890136719,61550
2026-08-07 12:21:00-04:00,330.2250061035156,330.6700134277344,330.1400146484375,330.6449890136719,96003
2026-08-07 12:22:00-04:00,330.17498779296875,330.5541076660156,330.07000732421875,330.20001220703125,109241
2026-08-07 12:23:00-04:00,329.847900390625,330.35321044921875,329.7803039550781,330.1600036621094,147980
2026-08-07 12:24:00-04:00,329.3599853515625,329.86419677734375,329.3599853515625,329.82000732421875,98156
2026-08-07 12:25:00-04:00,328.92999267578125,329.3598937988281,328.8299865722656,329.3500061035156,106721
2026-08-07 12:26:00-04:00,328.4599914550781,328.95989990234375,328.3999938964844,328.92999267578125,97908
2026-08-07 12:27:00-04:00,328.9700012207031,329.0,328.3299865722656,328.3999938964844,112554
2026-08-07 12:28:00-04:00,328.9649963378906,329.010009765625,328.6300048828125,328.8999938964844,67174
2026-08-07 12:29:00-04:00,328.875,329.04998779296875,328.7200012207031,328.92999267578125,60946
2026-08-07 12:30:00-04:00,328.7699890136719,328.9599914550781,328.44000244140625,328.8900146484375,69662
2026-08-07 12:31:00-04:00,328.2799987792969,328.8299865722656,328.25,328.75,72593
2026-08-07 12:32:00-04:00,328.864990234375,328.8900146484375,328.20001220703125,328.2500915527344,82479
2026-08-07 12:33:00-04:00,329.0199890136719,329.1556091308594,328.760009765625,328.82830810546875,92701
2026-08-07 12:34:00-04:00,329.3699951171875,329.4200134277344,328.9200134277344,328.94000244140625,106849
2026-08-07 12:35:00-04:00,329.1199951171875,329.4200134277344,328.9100036621094,329.36260986328125,62565
2026-08-07 12:36:00-04:00,328.82000732421875,329.3800048828125,328.75,329.1960144042969,292131
2026-08-07 12:37:00-04:00,329.19500732421875,329.3699951171875,328.7300109863281,328.82000732421875,52510
2026-08-07 12:38:00-04:00,329.31988525390625,329.3800048828125,329.1199951171875,329.18499755859375,32950
2026-08-07 12:39:00-04:00,329.3999938964844,329.6600036621094,329.2699890136719,329.2850036621094,62934
2026-08-07 12:40:00-04:00,329.239990234375,329.54998779296875,329.2012023925781,329.3599853515625,36565
2026-08-07 12:41:00-04:00,329.1199951171875,329.409912109375,329.0799865722656,329.239990234375,53312
2026-08-07 12:42:00-04:00,328.3999938964844,329.14990234375,328.3699951171875,329.0950012207031,67012
2026-08-07 12:43:00-04:00,328.5150146484375,328.7200012207031,328.3349914550781,328.42999267578125,65748
2026-08-07 12:44:00-04:00,328.6099853515625,328.69989013671875,328.42999267578125,328.4934997558594,30972
2026-08-07 12:45:00-04:00,328.82000732421875,328.8800048828125,328.54998779296875,328.67999267578125,44347
2026-08-07 12:46:00-04:00,328.6300048828125,328.8599853515625,328.55999755859375,328.79998779296875,24421
2026-08-07 12:47:00-04:00,328.3500061035156,328.69000244140625,328.3500061035156,328.5950012207031,26934
2026-08-07 12:48:00-04:00,328.1449890136719,328.42999267578125,328.1199951171875,328.3940124511719,46881
2026-08-07 12:49:00-04:00,327.9761962890625,328.2898864746094,327.80999755859375,328.1700134277344,109922
2026-08-07 12:50:00-04:00,328.30999755859375,328.3500061035156,327.9100036621094,327.94500732421875,69880
2026-08-07 12:51:00-04:00,327.92999267578125,328.3999938964844,327.9200134277344,328.32989501953125,58907
2026-08-07 12:52:00-04:00,327.92498779296875,328.260009765625,327.8290100097656,327.95001220703125,62457
2026-08-07 12:53:00-04:00,328.1700134277344,328.2142028808594,327.8500061035156,327.92498779296875,30781
2026-08-07 12:54:00-04:00,328.1449890136719,328.2698974609375,327.9612121582031,328.19500732421875,34238
2026-08-07 12:55:00-04:00,328.0013122558594,328.17498779296875,327.9200134277344,328.1400146484375,48036
2026-08-07 12:56:00-04:00,327.8800048828125,328.189697265625,327.8800048828125,328.04998779296875,33057
2026-08-07 12:57:00-04:00,327.8450012207031,328.0220031738281,327.8100891113281,327.8699951171875,42395
2026-08-07 12:58:00-04:00,327.8500061035156,327.9519958496094,327.7015075683594,327.8299865722656,58553
2026-08-07 12:59:00-04:00,327.8800048828125,328.1499938964844,327.7300109863281,327.8399963378906,63847
2026-08-07 13:00:00-04:00,327.7099914550781,328.0400085449219,327.6499938964844,327.9200134277344,53329
2026-08-07 13:01:00-04:00,327.7300109863281,327.9898986816406,327.7300109863281,327.739990234375,43481
2026-08-07 13:02:00-04:00,327.6888122558594,327.79998779296875,327.6000061035156,327.7550048828125,360262
2026-08-07 13:03:00-04:00,327.6300048828125,327.8599853515625,327.6000061035156,327.67498779296875,56921
2026-08-07 13:04:00-04:00,327.4750061035156,327.739990234375,327.2300109863281,327.6099853515625,105671
2026-08-07 13:05:00-04:00,327.70849609375,327.80499267578125,327.4100036621094,327.4750061035156,36139
2026-08-07 13:06:00-04:00,327.8800048828125,327.92999267578125,327.70001220703125,327.70001220703125,53978
2026-08-07 13:07:00-04:00,327.69500732421875,327.94989013671875,327.65008544921875,327.8999938964844,51757
2026-08-07 13:08:00-04:00,327.5799865722656,327.739990234375,327.56500244140625,327.67999267578125,21477
2026-08-07 13:09:00-04:00,327.5400085449219,327.6400146484375,327.3106994628906,327.6099853515625,43765
2026-08-07 13:10:00-04:00,327.3301086425781,327.61248779296875,327.30999755859375,327.56988525390625,40190
2026-08-07 13:11:00-04:00,327.3999938964844,327.6899108886719,327.3210144042969,327.364990234375,30891
2026-08-07 13:12:00-04:00,326.94500732421875,327.44000244140625,326.9100036621094,327.4100036621094,81386
2026-08-07 13:13:00-04:00,327.260009765625,327.260009765625,326.8500061035156,326.91009521484375,54153
2026-08-07 13:14:00-04:00,326.9800109863281,327.2546081542969,326.94000244140625,327.2300109863281,41507
2026-08-07 13:15:00-04:00,326.7550048828125,327.0199890136719,326.7300109863281,327.0199890136719,78511
2026-08-07 13:16:00-04:00,326.8599853515625,326.9989013671875,326.5199890136719,326.7550048828125,58322
2026-08-07 13:17:00-04:00,326.9100036621094,326.9200134277344,326.7900085449219,326.8500061035156,36235
2026-08-07 13:18:00-04:00,327.2008972167969,327.2799987792969,326.8301086425781,326.9100036621094,67553
2026-08-07 13:19:00-04:00,327.0810852050781,327.2149963378906,326.95001220703125,327.1600036621094,34303
2026-08-07 13:20:00-04:00,327.0799865722656,327.1299133300781,327.010009765625,327.1000061035156,18152
2026-08-07 13:21:00-04:00,326.81500244140625,327.1099853515625,326.7701110839844,327.0400085449219,85854
2026-08-07 13:22:00-04:00,326.8500061035156,326.9800109863281,326.7900085449219,326.7900085449219,26672
2026-08-07 13:23:00-04:00,327.0101013183594,327.1099853515625,326.8999938964844,326.9200134277344,41011
2026-08-07 13:24:00-04:00,326.82501220703125,327.06500244140625,326.7900085449219,327.0199890136719,64076
2026-08-07 13:25:00-04:00,326.8900146484375,326.9728088378906,326.54998779296875,326.79998779296875,66227
2026-08-07 13:26:00-04:00,326.7850036621094,327.0195007324219,326.75,326.9599914550781,35210
2026-08-07 13:27:00-04:00,326.67999267578125,326.82000732421875,326.6300048828125,326.7900085449219,41088
2026-08-07 13:28:00-04:00,326.9100036621094,327.04998779296875,326.6000061035156,326.7300109863281,43548
2026-08-07 13:29:00-04:00,326.989990234375,327.1199951171875,326.9183044433594,326.9183044433594,52287
2026-08-07 13:30:00-04:00,326.94000244140625,327.0993957519531,326.8388977050781,326.9800109863281,40815
2026-08-07 13:31:00-04:00,326.94000244140625,327.05999755859375,326.82000732421875,326.95001220703125,41983
2026-08-07 13:32:00-04:00,326.92999267578125,327.05999755859375,326.82000732421875,326.9700012207031,39327
2026-08-07 13:33:00-04:00,327.1199951171875,327.2900085449219,326.79998779296875,326.8999938964844,64368
2026-08-07 13:34:00-04:00,326.8500061035156,327.17999267578125,326.75,327.1199951171875,56932
2026-08-07 13:35:00-04:00,327.0899963378906,327.1700134277344,326.8100891113281,326.8599853515625,51127
2026-08-07 13:36:00-04:00,327.1700134277344,327.2300109863281,327.0260009765625,327.1000061035156,41115
2026-08-07 13:37:00-04:00,326.989990234375,327.2799072265625,326.9700012207031,327.1449890136719,56853
2026-08-07 13:38:00-04:00,327.1706848144531,327.20001220703125,326.989990234375,327.0393981933594,26603
2026-08-07 13:39:00-04:00,327.30999755859375,327.38018798828125,327.05999755859375,327.110107421875,52721
2026-08-07 13:40:00-04:00,327.2867126464844,327.3500061035156,327.1449890136719,327.2699890136719,240476
2026-08-07 13:41:00-04:00,327.4200134277344,327.4200134277344,327.2099914550781,327.260009765625,40144
2026-08-07 13:42:00-04:00,327.3599853515625,327.46990966796875,327.260009765625,327.4049987792969,39328
2026-08-07 13:43:00-04:00,327.4549865722656,327.489990234375,327.30999755859375,327.3299865722656,34453
2026-08-07 13:44:00-04:00,327.3550109863281,327.4700012207031,327.30010986328125,327.468505859375,41536
2026-08-07 13:45:00-04:00,327.2300109863281,327.389892578125,327.1099853515625,327.3699951171875,43436
2026-08-07 13:46:00-04:00,327.3550109863281,327.3800048828125,327.15008544921875,327.2550048828125,32187
2026-08-07 13:47:00-04:00,327.6300048828125,327.6698913574219,327.32501220703125,327.3550109863281,75810
2026-08-07 13:48:00-04:00,327.61248779296875,327.7998962402344,327.6099853515625,327.64990234375,46855
2026-08-07 13:49:00-04:00,327.7099914550781,327.7300109863281,327.6199951171875,327.6199951171875,37976
2026-08-07 13:50:00-04:00,327.47601318359375,327.845703125,327.4501037597656,327.6600036621094,53061
2026-08-07 13:51:00-04:00,327.32000732421875,327.489990234375,327.2099914550781,327.45001220703125,56542
2026-08-07 13:52:00-04:00,327.25,327.360107421875,327.20001220703125,327.32000732421875,37043
2026-08-07 13:53:00-04:00,327.1700134277344,327.3299865722656,327.110107421875,327.2361145019531,21488
2026-08-07 13:54:00-04:00,327.0400085449219,327.1400146484375,326.760009765625,327.1400146484375,81518
2026-08-07 13:55:00-04:00,326.8349914550781,327.08331298828125,326.760009765625,327.07000732421875,44627
2026-08-07 13:56:00-04:00,327.1000061035156,327.19000244140625,326.8450012207031,326.8599853515625,42890
2026-08-07 13:57:00-04:00,327.2900085449219,327.32000732421875,327.010009765625,327.010009765625,24993
2026-08-07 13:58:00-04:00,327.1700134277344,327.3299865722656,327.1200866699219,327.2550048828125,25848
2026-08-07 13:59:00-04:00,327.1300048828125,327.25,327.05108642578125,327.1545104980469,21715
2026-08-07 14:00:00-04:00,327.380615234375,327.45001220703125,327.0899963378906,327.1449890136719,47617
2026-08-07 14:01:00-04:00,327.489990234375,327.5199890136719,327.32000732421875,327.3800048828125,37721
2026-08-07 14:02:00-04:00,327.6000061035156,327.6499938964844,327.42999267578125,327.5733947753906,64081
2026-08-07 14:03:00-04:00,327.81689453125,327.8793029785156,327.54998779296875,327.614990234375,43688
2026-08-07 14:04:00-04:00,327.8638000488281,327.92999267578125,327.7449951171875,327.75,60289
2026-08-07 14:05:00-04:00,327.56500244140625,327.8952941894531,327.3500061035156,327.8800048828125,65313
2026-08-07 14:06:00-04:00,327.6875915527344,327.889892578125,327.6199951171875,327.6199951171875,35020
2026-08-07 14:07:00-04:00,327.69000244140625,327.8699035644531,327.42999267578125,327.69000244140625,33252
2026-08-07 14:08:00-04:00,327.82000732421875,327.95001220703125,327.7200012207031,327.7200012207031,22856
2026-08-07 14:09:00-04:00,328.0032043457031,328.05999755859375,327.739990234375,327.82000732421875,88081
2026-08-07 14:10:00-04:00,327.9150085449219,328.0899963378906,327.9005126953125,328.0350036621094,43332
2026-08-07 14:11:00-04:00,327.87091064453125,328.07000732421875,327.7200012207031,327.8999938964844,54747
2026-08-07 14:12:00-04:00,327.8800048828125,328.0,327.75,327.8949890136719,24254
2026-08-07 14:13:00-04:00,327.69000244140625,327.9599914550781,327.6600036621094,327.9100036621094,26561
2026-08-07 14:14:00-04:00,327.539306640625,327.7200012207031,327.3299865722656,327.6976013183594,42006
2026-08-07 14:15:00-04:00,327.3550109863281,327.6000061035156,327.260009765625,327.4700012207031,41877
2026-08-07 14:16:00-04:00,327.1700134277344,327.42999267578125,327.1499938964844,327.3900146484375,34030
2026-08-07 14:17:00-04:00,326.989990234375,327.25,326.9100036621094,327.1700134277344,77696
2026-08-07 14:18:00-04:00,327.281494140625,327.3999938964844,326.95001220703125,326.989990234375,42656
2026-08-07 14:19:00-04:00,327.1000061035156,327.31500244140625,327.0704040527344,327.31500244140625,17840
2026-08-07 14:20:00-04:00,327.1700134277344,327.2900085449219,327.0000915527344,327.1000061035156,40601
2026-08-07 14:21:00-04:00,327.2200012207031,327.2955017089844,327.1199951171875,327.1499938964844,30241
2026-08-07 14:22:00-04:00,327.1300048828125,327.32000732421875,327.0899963378906,327.2200012207031,35062
2026-08-07 14:23:00-04:00,327.20001220703125,327.2300109863281,327.0199890136719,327.1099853515625,22429
2026-08-07 14:24:00-04:00,327.20111083984375,327.2567138671875,327.05999755859375,327.2294921875,10820
2026-08-07 14:25:00-04:00,327.1099853515625,327.2699890136719,327.0700988769531,327.2300109863281,15664
2026-08-07 14:26:00-04:00,326.7532043457031,327.1199951171875,326.7200927734375,327.1000061035156,37880
2026-08-07 14:27:00-04:00,326.9599914550781,327.0899963378906,326.7539978027344,326.7539978027344,54091
2026-08-07 14:28:00-04:00,326.9200134277344,326.989990234375,326.8399963378906,326.9800109863281,15855
2026-08-07 14:29:00-04:00,327.0050048828125,327.125,326.9100036621094,326.92498779296875,30202
2026-08-07 14:30:00-04:00,327.1099853515625,327.20001220703125,326.9237976074219,327.0,30623
2026-08-07 14:31:00-04:00,327.07989501953125,327.17999267578125,327.0201110839844,327.07000732421875,28817
2026-08-07 14:32:00-04:00,327.0249938964844,327.1199951171875,326.9100036621094,327.0799865722656,23040
2026-08-07 14:33:00-04:00,327.368408203125,327.4100036621094,327.0400085449219,327.0799865722656,34111
2026-08-07 14:34:00-04:00,327.239990234375,327.3800048828125,327.1099853515625,327.3800048828125,43422
2026-08-07 14:35:00-04:00,327.18011474609375,327.5,327.18011474609375,327.2300109863281,38998
2026-08-07 14:36:00-04:00,327.1029968261719,327.3299865722656,327.1029968261719,327.2593078613281,24213
2026-08-07 14:37:00-04:00,327.2200927734375,327.30999755859375,327.0799865722656,327.1199951171875,40589
2026-08-07 14:38:00-04:00,326.9599914550781,327.2445068359375,326.79998779296875,327.2200012207031,50467
2026-08-07 14:39:00-04:00,327.04998779296875,327.1099853515625,326.9200134277344,326.9200134277344,18211
2026-08-07 14:40:00-04:00,326.8500061035156,327.0400085449219,326.82501220703125,327.0199890136719,29792
2026-08-07 14:41:00-04:00,326.9599914550781,327.04998779296875,326.82000732421875,326.8500061035156,34057
2026-08-07 14:42:00-04:00,326.8550109863281,326.9599914550781,326.7699890136719,326.9549865722656,35388
2026-08-07 14:43:00-04:00,327.1000061035156,327.1199951171875,326.82049560546875,326.8550109863281,31151
2026-08-07 14:44:00-04:00,327.0036926269531,327.2300109863281,326.8900146484375,327.1099853515625,32063
2026-08-07 14:45:00-04:00,326.9849853515625,327.0299987792969,326.9100036621094,326.989990234375,22461
2026-08-07 14:46:00-04:00,326.9200134277344,327.0899963378906,326.85009765625,326.989990234375,26072
2026-08-07 14:47:00-04:00,327.0899963378906,327.1099853515625,326.9150085449219,326.9200134277344,219437
2026-08-07 14:48:00-04:00,327.3349914550781,327.3349914550781,327.010009765625,327.07000732421875,84294
2026-08-07 14:49:00-04:00,327.32000732421875,327.44000244140625,327.1794128417969,327.3799133300781,35141
2026-08-07 14:50:00-04:00,327.3500061035156,327.3900146484375,327.1700134277344,327.3599853515625,26814
2026-08-07 14:51:00-04:00,327.489990234375,327.54998779296875,327.25,327.3500061035156,0
2026-08-07 14:52:00-04:00,327.4200134277344,327.4814147949219,327.2701110839844,327.4599914550781,33551
2026-08-07 14:53:00-04:00,327.6600036621094,327.75,327.3299865722656,327.3699951171875,45318
2026-08-07 14:54:00-04:00,327.44049072265625,327.7200012207031,327.3599853515625,327.6499938964844,28821
2026-08-07 14:55:00-04:00,327.1611022949219,327.5400085449219,327.1611022949219,327.4700012207031,45275
2026-08-07 14:56:00-04:00,327.20001220703125,327.2099914550781,327.0199890136719,327.19500732421875,42591
2026-08-07 14:57:00-04:00,327.45159912109375,327.4700012207031,327.1606140136719,327.19989013671875,21322
2026-08-07 14:58:00-04:00,327.4599914550781,327.6536865234375,327.42010498046875,327.489990234375,50188
2026-08-07 14:59:00-04:00,327.6000061035156,327.6300048828125,327.42999267578125,327.45001220703125,29870
2026-08-07 15:00:00-04:00,327.5867919921875,327.8299865722656,327.510009765625,327.6099853515625,34237
2026-08-07 15:01:00-04:00,328.2998962402344,328.489990234375,327.57000732421875,327.6400146484375,104478
2026-08-07 15:02:00-04:00,327.9700012207031,328.2598876953125,327.95001220703125,328.2200012207031,37351
2026-08-07 15:03:00-04:00,328.2898864746094,328.32000732421875,328.0199890136719,328.0199890136719,34846
2026-08-07 15:04:00-04:00,328.2950134277344,328.3599853515625,328.1300048828125,328.2898864746094,37317
2026-08-07 15:05:00-04:00,328.635009765625,328.635009765625,328.2950134277344,328.29998779296875,64901
2026-08-07 15:06:00-04:00,328.7850036621094,328.8599853515625,328.610107421875,328.6369934082031,80845
2026-08-07 15:07:00-04:00,328.9100036621094,328.92999267578125,328.7200927734375,328.7601013183594,59290
2026-08-07 15:08:00-04:00,328.8999938964844,329.1000061035156,328.85009765625,328.9100036621094,72958
2026-08-07 15:09:00-04:00,328.9898986816406,329.0,328.7699890136719,328.8949890136719,64724
2026-08-07 15:10:00-04:00,329.1000061035156,329.20001220703125,328.95001220703125,328.9700012207031,79385
2026-08-07 15:11:00-04:00,328.7699890136719,329.1400146484375,328.6499938964844,329.07000732421875,86886
2026-08-07 15:12:00-04:00,328.75,328.8800048828125,328.7099914550781,328.739990234375,34631
2026-08-07 15:13:00-04:00,328.4601135253906,328.8500061035156,328.42999267578125,328.8299865722656,70410
2026-08-07 15:14:00-04:00,328.8599853515625,328.95001220703125,328.4866943359375,328.5,43384
2026-08-07 15:15:00-04:00,329.0599060058594,329.0599060058594,328.8399963378906,328.8900146484375,51554
2026-08-07 15:16:00-04:00,328.9800109863281,329.04998779296875,328.8500061035156,329.0199890136719,40682
2026-08-07 15:17:00-04:00,328.67999267578125,329.04998779296875,328.6499938964844,329.010009765625,38447
2026-08-07 15:18:00-04:00,328.4750061035156,328.760009765625,328.4100036621094,328.67999267578125,39036
2026-08-07 15:19:00-04:00,328.5400085449219,328.6499938964844,328.45001220703125,328.510009765625,26601
2026-08-07 15:20:00-04:00,328.7699890136719,328.79998779296875,328.4700927734375,328.5,59554
2026-08-07 15:21:00-04:00,328.45001220703125,328.8500061035156,328.4100036621094,328.7799987792969,33894
2026-08-07 15:22:00-04:00,328.6199951171875,328.67999267578125,328.32000732421875,328.4100036621094,42958
2026-08-07 15:23:00-04:00,328.635009765625,328.760009765625,328.5101013183594,328.6099853515625,27252
2026-08-07 15:24:00-04:00,328.2650146484375,328.67999267578125,328.19000244140625,328.659912109375,57212
2026-08-07 15:25:00-04:00,328.44000244140625,328.489990234375,328.2200012207031,328.2650146484375,38920
2026-08-07 15:26:00-04:00,328.6199951171875,328.70001220703125,328.42999267578125,328.45001220703125,45626
2026-08-07 15:27:00-04:00,328.6449890136719,328.6600036621094,328.489990234375,328.5950012207031,53530
2026-08-07 15:28:00-04:00,328.57501220703125,328.7300109863281,328.54998779296875,328.6600036621094,37067
2026-08-07 15:29:00-04:00,328.3599853515625,328.6300048828125,328.2300109863281,328.6099853515625,62333
2026-08-07 15:30:00-04:00,327.92999267578125,328.3500061035156,327.79998779296875,328.3500061035156,95755
2026-08-07 15:31:00-04:00,328.04998779296875,328.2900085449219,327.9800109863281,328.0,70765
2026-08-07 15:32:00-04:00,327.864990234375,328.1182861328125,327.7900085449219,328.0950012207031,59750
2026-08-07 15:33:00-04:00,327.760009765625,327.952392578125,327.75,327.8500061035156,44004
2026-08-07 15:34:00-04:00,327.2300109863281,327.7898864746094,327.1000061035156,327.7799987792969,91617
2026-08-07 15:35:00-04:00,327.07000732421875,327.2699890136719,327.010009765625,327.17010498046875,102320
2026-08-07 15:36:00-04:00,327.07000732421875,327.14990234375,326.9599914550781,327.0779113769531,77395
2026-08-07 15:37:00-04:00,327.2900085449219,327.3315124511719,327.0299987792969,327.0299987792969,48787
2026-08-07 15:38:00-04:00,327.1199951171875,327.3699951171875,327.07000732421875,327.29998779296875,55825
2026-08-07 15:39:00-04:00,327.2200012207031,327.29998779296875,327.0899963378906,327.1199951171875,35066
2026-08-07 15:40:00-04:00,326.9704895019531,327.2499084472656,326.96038818359375,327.2300109863281,55809
2026-08-07 15:41:00-04:00,327.07000732421875,327.08990478515625,326.8599853515625,326.9700012207031,70002
2026-08-07 15:42:00-04:00,327.3399963378906,327.3999938964844,327.04998779296875,327.05389404296875,51382
2026-08-07 15:43:00-04:00,327.25,327.4800109863281,327.2300109863281,327.364990234375,51937
2026-08-07 15:44:00-04:00,327.1199951171875,327.30999755859375,327.0400085449219,327.24749755859375,53296
2026-08-07 15:45:00-04:00,327.364990234375,327.3965148925781,327.04998779296875,327.1050109863281,67818
2026-08-07 15:46:00-04:00,327.4049987792969,327.5400085449219,327.25,327.3699951171875,49185
2026-08-07 15:47:00-04:00,327.6549987792969,327.7099914550781,327.3503112792969,327.4049987792969,60390
2026-08-07 15:48:00-04:00,327.4700012207031,327.67999267578125,327.44000244140625,327.6600036621094,39459
2026-08-07 15:49:00-04:00,327.3999938964844,327.489990234375,327.3299865722656,327.4700012207031,49500
2026-08-07 15:50:00-04:00,327.42999267578125,327.5299987792969,327.1199951171875,327.3599853515625,102853
2026-08-07 15:51:00-04:00,327.1700134277344,327.5249938964844,327.1650085449219,327.4100036621094,466248
2026-08-07 15:52:00-04:00,327.5849914550781,327.8800048828125,327.1700134277344,327.1700134277344,104900
2026-08-07 15:53:00-04:00,327.75390625,327.79998779296875,327.5849914550781,327.6199951171875,102202
2026-08-07 15:54:00-04:00,327.7900085449219,327.9599914550781,327.5,327.760009765625,139347
2026-08-07 15:55:00-04:00,328.0098876953125,328.7384948730469,327.7300109863281,327.7699890136719,293149
2026-08-07 15:56:00-04:00,328.2049865722656,328.25,327.92999267578125,327.9989929199219,165717
2026-08-07 15:57:00-04:00,328.67010498046875,328.8999938964844,328.19500732421875,328.20001220703125,191006
2026-08-07 15:58:00-04:00,328.69000244140625,328.9200134277344,328.6000061035156,328.6700134277344,266463
2026-08-07 15:59:00-04:00,328.5849914550781,328.9200134277344,328.4082946777344,328.7049865722656,665502
2026-08-10 09:30:00-04:00,327.79998779296875,328.3999938964844,326.1499938964844,326.6449890136719,1387963
2026-08-10 09:31:00-04:00,327.3900146484375,328.42999267578125,326.989990234375,327.8800048828125,159616
2026-08-10 09:32:00-04:00,327.3800048828125,328.29400634765625,327.34100341796875,327.5,122202
2026-08-10 09:33:00-04:00,328.6000061035156,328.87939453125,327.3599853515625,327.4200134277344,129409
2026-08-10 09:34:00-04:00,328.2650146484375,329.42999267578125,328.1625061035156,328.5899963378906,187801
2026-08-10 09:35:00-04:00,328.0849914550781,328.57000732421875,327.5799865722656,328.3299865722656,107308
2026-08-10 09:36:00-04:00,328.1300048828125,328.79998779296875,327.9100036621094,327.98651123046875,98808
2026-08-10 09:37:00-04:00,327.260009765625,328.23040771484375,327.19000244140625,328.07000732421875,103069
2026-08-10 09:38:00-04:00,328.1549987792969,328.19000244140625,327.1000061035156,327.2699890136719,78383
2026-08-10 09:39:00-04:00,327.80999755859375,328.2749938964844,327.6199951171875,328.20001220703125,69911
2026-08-10 09:40:00-04:00,327.5799865722656,327.94000244140625,326.92999267578125,327.79998779296875,133860
2026-08-10 09:41:00-04:00,327.8800048828125,328.05999755859375,327.3800964355469,327.48870849609375,63265
2026-08-10 09:42:00-04:00,328.1661071777344,328.5726013183594,327.7099914550781,327.92498779296875,90328
2026-08-10 09:43:00-04:00,327.3399963378906,328.1650085449219,327.1199951171875,328.1650085449219,112092
2026-08-10 09:44:00-04:00,328.3900146484375,328.4800109863281,327.2799987792969,327.3399963378906,103839
2026-08-10 09:45:00-04:00,328.8399963378906,328.909912109375,328.1300048828125,328.29998779296875,129450
2026-08-10 09:46:00-04:00,329.17999267578125,329.82000732421875,328.7300109863281,328.80999755859375,164671
2026-08-10 09:47:00-04:00,328.9599914550781,329.260009765625,328.5799865722656,329.17498779296875,99014
2026-08-10 09:48:00-04:00,329.55499267578125,330.3500061035156,328.94000244140625,328.9700012207031,201246
2026-08-10 09:49:00-04:00,329.29620361328125,329.8800048828125,328.80010986328125,329.50079345703125,136735
2026-08-10 09:50:00-04:00,328.864990234375,329.9599914550781,328.85009765625,329.318115234375,202209
2026-08-10 09:51:00-04:00,329.239990234375,329.2900085449219,328.6499938964844,328.864990234375,84405
2026-08-10 09:52:00-04:00,328.1400146484375,329.41949462890625,327.79998779296875,329.239990234375,172008
2026-08-10 09:53:00-04:00,328.4100036621094,328.57000732421875,327.8699951171875,328.1300048828125,107659
2026-08-10 09:54:00-04:00,327.9049987792969,328.7149963378906,327.7300109863281,328.37750244140625,91739
2026-08-10 09:55:00-04:00,327.7200012207031,328.2742004394531,327.70001220703125,327.9100036621094,77877
2026-08-10 09:56:00-04:00,327.989990234375,328.1282043457031,327.6600036621094,327.7149963378906,82269
2026-08-10 09:57:00-04:00,328.5849914550781,328.6600036621094,327.9566955566406,328.0,66113
2026-08-10 09:58:00-04:00,329.43499755859375,329.4599914550781,328.5,328.5,126537
2026-08-10 09:59:00-04:00,329.4529113769531,329.6899108886719,329.0404968261719,329.3999938964844,67294
2026-08-10 10:00:00-04:00,330.07501220703125,330.260009765625,329.42999267578125,329.4800109863281,167226
2026-08-10 10:01:00-04:00,329.625,330.30999755859375,329.4971008300781,330.07000732421875,112073
2026-08-10 10:02:00-04:00,329.9198913574219,330.05999755859375,329.40008544921875,329.6600036621094,105034
2026-08-10 10:03:00-04:00,329.9700012207031,330.3999938964844,329.80010986328125,329.875,123185
2026-08-10 10:04:00-04:00,330.1600036621094,330.5799865722656,329.7842102050781,329.9725036621094,126108
2026-08-10 10:05:00-04:00,329.7749938964844,330.4613037109375,329.55999755859375,330.1600036621094,90437
2026-08-10 10:06:00-04:00,329.82000732421875,329.989990234375,329.4049987792969,329.7300109863281,66715
2026-08-10 10:07:00-04:00,329.6341857910156,330.239990234375,329.5255126953125,329.8349914550781,60578
2026-08-10 10:08:00-04:00,329.2322082519531,329.8699951171875,329.2300109863281,329.67999267578125,74647
2026-08-10 10:09:00-04:00,329.6600036621094,329.9374084472656,328.94000244140625,329.2398986816406,81789
2026-08-10 10:10:00-04:00,330.2300109863281,330.260009765625,329.6099853515625,329.68499755859375,104956
2026-08-10 10:11:00-04:00,330.1499938964844,330.3099060058594,329.90008544921875,330.25,90300
2026-08-10 10:12:00-04:00,329.9200134277344,330.25,329.8500061035156,330.1449890136719,68529
2026-08-10 10:13:00-04:00,329.81988525390625,330.0,329.75,329.82000732421875,40786
2026-08-10 10:14:00-04:00,329.55999755859375,329.9700012207031,329.3399963378906,329.7950134277344,68438
2026-08-10 10:15:00-04:00,329.52081298828125,329.7699890136719,329.3514099121094,329.6099853515625,54169
2026-08-10 10:16:00-04:00,329.760009765625,329.79998779296875,329.4599914550781,329.6199951171875,41164
2026-08-10 10:17:00-04:00,329.82000732421875,330.0899963378906,329.6494140625,329.760009765625,50460
2026-08-10 10:18:00-04:00,330.010009765625,330.0899963378906,329.7301025390625,329.85589599609375,210843
2026-08-10 10:19:00-04:00,329.7149963378906,330.2099914550781,329.6004943847656,329.93499755859375,162701
2026-08-10 10:20:00-04:00,330.04998779296875,330.1499938964844,329.6191101074219,329.7099914550781,52189
2026-08-10 10:21:00-04:00,330.0101013183594,330.1700134277344,329.79998779296875,330.08880615234375,56122
2026-08-10 10:22:00-04:00,330.05999755859375,330.3699951171875,330.010009765625,330.07000732421875,72029
2026-08-10 10:23:00-04:00,330.2099914550781,330.2200012207031,329.6471862792969,330.05999755859375,65001
2026-08-10 10:24:00-04:00,330.0451965332031,330.239990234375,329.71051025390625,330.2099914550781,42683
2026-08-10 10:25:00-04:00,330.75,330.79998779296875,330.07110595703125,330.1199951171875,122370
2026-08-10 10:26:00-04:00,330.82501220703125,330.9798889160156,330.44000244140625,330.739990234375,100074
2026-08-10 10:27:00-04:00,331.6199951171875,331.7650146484375,330.7699890136719,330.82501220703125,189790
2026-08-10 10:28:00-04:00,331.8500061035156,331.8616027832031,331.2200012207031,331.5899963378906,95102
2026-08-10 10:29:00-04:00,331.6099853515625,331.9800109863281,331.4599914550781,331.82501220703125,102452
2026-08-10 10:30:00-04:00,331.6000061035156,332.04998779296875,331.3999938964844,331.5528869628906,141484
2026-08-10 10:31:00-04:00,331.0805969238281,331.760009765625,331.0799865722656,331.57000732421875,97756
2026-08-10 10:32:00-04:00,331.1650085449219,331.20001220703125,330.8800048828125,331.07000732421875,86448
2026-08-10 10:33:00-04:00,330.9562072753906,331.2298889160156,330.9100036621094,331.1650085449219,51533
2026-08-10 10:34:00-04:00,330.4100036621094,331.0050048828125,330.32000732421875,330.9100036621094,105520
2026-08-10 10:35:00-04:00,330.4700012207031,330.9388122558594,330.29998779296875,330.4501037597656,79816
2026-08-10 10:36:00-04:00,330.42169189453125,330.70001220703125,330.3485107421875,330.4856872558594,58870
2026-08-10 10:37:00-04:00,330.3500061035156,330.71990966796875,330.1400146484375,330.42010498046875,67993
2026-08-10 10:38:00-04:00,329.6451110839844,330.364501953125,329.1400146484375,330.3299865722656,175082
2026-08-10 10:39:00-04:00,330.0199890136719,330.0799865722656,329.2903137207031,329.6499938964844,61865
2026-08-10 10:40:00-04:00,330.2799987792969,330.4577941894531,329.8505859375,329.95001220703125,85857
2026-08-10 10:41:00-04:00,330.29998779296875,330.7449951171875,330.2301025390625,330.2799987792969,94635
2026-08-10 10:42:00-04:00,330.43499755859375,330.4798889160156,330.1000061035156,330.239990234375,43360
2026-08-10 10:43:00-04:00,330.63519287109375,330.79998779296875,330.4200134277344,330.43499755859375,96697
2026-08-10 10:44:00-04:00,330.6449890136719,330.69000244140625,330.1400146484375,330.656494140625,47132
2026-08-10 10:45:00-04:00,330.7698974609375,330.79998779296875,330.54998779296875,330.6400146484375,45788
2026-08-10 10:46:00-04:00,330.99951171875,331.0299072265625,330.5871887207031,330.739990234375,71561
2026-08-10 10:47:00-04:00,331.2049865722656,331.22869873046875,330.8699951171875,330.9700012207031,60074
2026-08-10 10:48:00-04:00,331.2049865722656,331.25,330.9100036621094,331.2051086425781,59871
2026-08-10 10:49:00-04:00,330.9800109863281,331.3429870605469,330.82000732421875,331.1700134277344,59444
2026-08-10 10:50:00-04:00,331.0799865722656,331.25,330.91259765625,330.9455871582031,39990
2026-08-10 10:51:00-04:00,330.8999938964844,331.1700134277344,330.739990234375,331.0799865722656,61549
2026-08-10 10:52:00-04:00,330.8800048828125,331.0816955566406,330.54998779296875,330.8900146484375,32187
2026-08-10 10:53:00-04:00,330.6000061035156,331.20001220703125,330.6000061035156,330.8450012207031,39732
2026-08-10 10:54:00-04:00,329.9501037597656,330.6799011230469,329.9100036621094,330.6400146484375,97921
2026-08-10 10:55:00-04:00,329.9100036621094,330.21380615234375,329.79998779296875,330.0,66616
2026-08-10 10:56:00-04:00,329.7099914550781,330.139892578125,329.6737976074219,330.010009765625,58815
2026-08-10 10:57:00-04:00,329.9599914550781,330.1000061035156,329.5820007324219,329.7200012207031,47474
2026-08-10 10:58:00-04:00,329.92999267578125,330.28729248046875,329.8999938964844,329.94000244140625,39101
2026-08-10 10:59:00-04:00,329.4999084472656,329.95001220703125,329.3900146484375,329.8599853515625,47534
2026-08-10 11:00:00-04:00,328.90008544921875,329.5400085449219,328.8299865722656,329.4599914550781,116343
2026-08-10 11:01:00-04:00,329.1549987792969,329.2235107421875,328.739990234375,328.82000732421875,79288
2026-08-10 11:02:00-04:00,329.0101013183594,329.1825866699219,328.70001220703125,329.1400146484375,68224
2026-08-10 11:03:00-04:00,329.06500244140625,329.159912109375,328.9200134277344,329.010009765625,53663
2026-08-10 11:04:00-04:00,328.8999938964844,329.1366882324219,328.7900085449219,329.0299987792969,40512
2026-08-10 11:05:00-04:00,329.2799987792969,329.4200134277344,328.8900146484375,328.92498779296875,63168
2026-08-10 11:06:00-04:00,329.5199890136719,329.69989013671875,329.30999755859375,329.3147888183594,67216
2026-08-10 11:07:00-04:00,329.9150085449219,330.07000732421875,329.5450134277344,329.58990478515625,63671
2026-08-10 11:08:00-04:00,329.75,330.05999755859375,329.7076110839844,329.9150085449219,34989
2026-08-10 11:09:00-04:00,329.0799865722656,329.7300109863281,329.0799865722656,329.70001220703125,42145
2026-08-10 11:10:00-04:00,329.4501037597656,329.5400085449219,329.04998779296875,329.07000732421875,37604
2026-08-10 11:11:00-04:00,329.4700012207031,329.7099914550781,329.3500061035156,329.4949951171875,40733
2026-08-10 11:12:00-04:00,329.510009765625,329.8299865722656,329.4200134277344,329.4200134277344,34515
2026-08-10 11:13:00-04:00,329.6872863769531,329.75390625,329.4200134277344,329.510009765625,24894
2026-08-10 11:14:00-04:00,329.7300109863281,329.7799987792969,329.6000061035156,329.67999267578125,24469
2026-08-10 11:15:00-04:00,329.875,329.9894104003906,329.6600036621094,329.7300109863281,43021
2026-08-10 11:16:00-04:00,329.8349914550781,330.0,329.75,329.8800048828125,28823
2026-08-10 11:17:00-04:00,329.67498779296875,329.989990234375,329.5,329.7900085449219,47195
2026-08-10 11:18:00-04:00,329.5,329.7300109863281,329.431396484375,329.70001220703125,24315
2026-08-10 11:19:00-04:00,330.0799865722656,330.1449890136719,329.4801025390625,329.5,47654
2026-08-10 11:20:00-04:00,329.93450927734375,330.1700134277344,329.93450927734375,330.1400146484375,48216
2026-08-10 11:21:00-04:00,330.260009765625,330.2699890136719,329.9100036621094,329.94500732421875,76780
2026-08-10 11:22:00-04:00,330.2200012207031,330.45001220703125,330.05999755859375,330.2550048828125,65269
2026-08-10 11:23:00-04:00,330.1000061035156,330.2900085449219,329.95001220703125,330.2544860839844,53287
2026-08-10 11:24:00-04:00,329.79010009765625,330.1387939453125,329.7699890136719,330.1000061035156,48517
2026-08-10 11:25:00-04:00,329.7554931640625,329.9800109863281,329.7300109863281,329.889892578125,22433
2026-08-10 11:26:00-04:00,329.5775146484375,329.7499084472656,329.3299865722656,329.739990234375,40737
2026-08-10 11:27:00-04:00,329.8450927734375,329.9400939941406,329.5199890136719,329.56500244140625,38209
2026-08-10 11:28:00-04:00,330.0400085449219,330.1400146484375,329.7900085449219,329.8500061035156,36198
2026-08-10 11:29:00-04:00,330.1000061035156,330.2099914550781,330.010009765625,330.0704040527344,38483
2026-08-10 11:30:00-04:00,329.3599853515625,330.3598937988281,329.2099914550781,330.06549072265625,140402
2026-08-10 11:31:00-04:00,329.3974914550781,329.5,329.010009765625,329.3599853515625,94397
2026-08-10 11:32:00-04:00,329.3949890136719,329.6700134277344,329.3399963378906,329.40740966796875,31148
2026-08-10 11:33:00-04:00,329.17999267578125,329.4999084472656,329.0600891113281,329.3900146484375,33812
2026-08-10 11:34:00-04:00,328.78509521484375,329.18499755859375,328.760009765625,329.18499755859375,82870
2026-08-10 11:35:00-04:00,328.989990234375,329.17999267578125,328.44000244140625,328.7699890136719,94224
2026-08-10 11:36:00-04:00,328.7699890136719,329.0398864746094,328.7699890136719,328.9599914550781,83303
2026-08-10 11:37:00-04:00,328.9200134277344,328.9700012207031,328.5574951171875,328.760009765625,48606
2026-08-10 11:38:00-04:00,328.54998779296875,328.9898986816406,328.5,328.93499755859375,36984
2026-08-10 11:39:00-04:00,328.360107421875,328.6499938964844,328.30999755859375,328.54998779296875,80641
2026-08-10 11:40:00-04:00,328.7900085449219,328.8550109863281,328.20001220703125,328.3844909667969,81731
2026-08-10 11:41:00-04:00,328.9599914550781,328.96490478515625,328.760009765625,328.8500061035156,44958
2026-08-10 11:42:00-04:00,328.7799987792969,329.07989501953125,328.7799987792969,328.9100036621094,44640
2026-08-10 11:43:00-04:00,329.389892578125,329.3900146484375,328.7619934082031,328.7699890136719,54340
2026-08-10 11:44:00-04:00,330.2149963378906,330.239990234375,329.3900146484375,329.3900146484375,164078
2026-08-10 11:45:00-04:00,330.0299987792969,330.3999938964844,330.0072021484375,330.2074890136719,89847
2026-08-10 11:46:00-04:00,329.7099914550781,330.0199890136719,329.67999267578125,330.0,51474
2026-08-10 11:47:00-04:00,329.7200012207031,330.0899963378906,329.6400146484375,329.69000244140625,50246
2026-08-10 11:48:00-04:00,329.79998779296875,329.92138671875,329.7049865722656,329.7049865722656,20985
2026-08-10 11:49:00-04:00,329.9549865722656,330.1199951171875,329.7699890136719,329.7900085449219,30725
2026-08-10 11:50:00-04:00,330.17999267578125,330.260009765625,329.8999938964844,329.9599914550781,50166
2026-08-10 11:51:00-04:00,330.3949890136719,330.44000244140625,330.1592102050781,330.17999267578125,58811
2026-08-10 11:52:00-04:00,330.7699890136719,330.7799987792969,330.32000732421875,330.4800109863281,75725
2026-08-10 11:53:00-04:00,330.5924987792969,330.8299865722656,330.49609375,330.7850036621094,46276
2026-08-10 11:54:00-04:00,330.8009948730469,330.9200134277344,330.5950012207031,330.5950012207031,61921
2026-08-10 11:55:00-04:00,330.7900085449219,330.875,330.7200012207031,330.82000732421875,27634
2026-08-10 11:56:00-04:00,330.8550109863281,330.8800048828125,330.760009765625,330.7850036621094,42163
2026-08-10 11:57:00-04:00,331.04998779296875,331.1000061035156,330.8599853515625,330.8800048828125,65890
2026-08-10 11:58:00-04:00,331.125,331.1426086425781,330.9259948730469,331.0201110839844,49357
2026-08-10 11:59:00-04:00,331.1650085449219,331.2699890136719,331.0787048339844,331.1300048828125,53958
2026-08-10 12:00:00-04:00,331.4100036621094,331.55499267578125,331.1600036621094,331.1600036621094,101495
2026-08-10 12:01:00-04:00,331.1099853515625,331.45001220703125,331.0299987792969,331.3800048828125,67360
2026-08-10 12:02:00-04:00,331.6549987792969,331.6796875,331.1000061035156,331.1099853515625,62673
2026-08-10 12:03:00-04:00,331.58160400390625,331.75,331.4700012207031,331.67999267578125,64359
2026-08-10 12:04:00-04:00,331.5299987792969,331.5799865722656,331.29998779296875,331.510009765625,37828
2026-08-10 12:05:00-04:00,331.2699890136719,331.55999755859375,331.2300109863281,331.55950927734375,53083
2026-08-10 12:06:00-04:00,331.2900085449219,331.44000244140625,331.20001220703125,331.2900085449219,47192
2026-08-10 12:07:00-04:00,331.0950012207031,331.3999938964844,331.0610046386719,331.2699890136719,41681
2026-08-10 12:08:00-04:00,330.95001220703125,331.2699890136719,330.8900146484375,331.1299133300781,81296
2026-08-10 12:09:00-04:00,330.8699951171875,331.06988525390625,330.7900085449219,330.9800109863281,44080
2026-08-10 12:10:00-04:00,331.010009765625,331.1000061035156,330.79998779296875,330.8699951171875,61985
2026-08-10 12:11:00-04:00,330.80499267578125,331.20001220703125,330.7799987792969,331.010009765625,49923
2026-08-10 12:12:00-04:00,330.6300048828125,330.8699951171875,330.6000061035156,330.8034973144531,67342
2026-08-10 12:13:00-04:00,330.84161376953125,330.84161376953125,330.6099853515625,330.6099853515625,30018
2026-08-10 12:14:00-04:00,330.87799072265625,330.9818115234375,330.8299865722656,330.8500061035156,27957
2026-08-10 12:15:00-04:00,330.5799865722656,330.889892578125,330.4800109863281,330.8299865722656,54527
2026-08-10 12:16:00-04:00,330.8299865722656,330.989990234375,330.5199890136719,330.54998779296875,29257
2026-08-10 12:17:00-04:00,330.8599853515625,330.9591064453125,330.79998779296875,330.8450012207031,28866
2026-08-10 12:18:00-04:00,330.5899963378906,330.94000244140625,330.510009765625,330.8851013183594,38975
2026-08-10 12:19:00-04:00,330.3800048828125,330.5950012207031,330.32000732421875,330.57000732421875,46603
2026-08-10 12:20:00-04:00,330.3550109863281,330.481201171875,330.30999755859375,330.385009765625,31816
2026-08-10 12:21:00-04:00,330.2767028808594,330.4649963378906,330.1600036621094,330.3689880371094,30795
2026-08-10 12:22:00-04:00,330.25299072265625,330.3599853515625,330.19000244140625,330.29998779296875,31954
2026-08-10 12:23:00-04:00,330.30999755859375,330.5498962402344,330.20001220703125,330.25,35741
2026-08-10 12:24:00-04:00,330.1400146484375,330.2900085449219,329.99700927734375,330.2799987792969,55658
2026-08-10 12:25:00-04:00,330.2650146484375,330.3900146484375,330.0849914550781,330.1400146484375,26885
2026-08-10 12:26:00-04:00,330.135009765625,330.45001220703125,330.135009765625,330.2414855957031,32833
2026-08-10 12:27:00-04:00,330.2099914550781,330.29998779296875,330.1199951171875,330.1600036621094,21521
2026-08-10 12:28:00-04:00,330.4700012207031,330.485595703125,330.135009765625,330.1899108886719,37094
2026-08-10 12:29:00-04:00,330.55010986328125,330.64990234375,330.4200134277344,330.4800109863281,40396
2026-08-10 12:30:00-04:00,330.4599914550781,330.5799865722656,330.4100036621094,330.5299987792969,23333
2026-08-10 12:31:00-04:00,329.9700012207031,330.739990234375,329.82000732421875,330.44500732421875,87324
2026-08-10 12:32:00-04:00,330.1199035644531,330.20001220703125,329.5799865722656,329.8599853515625,94169
2026-08-10 12:33:00-04:00,329.8299865722656,330.0799865722656,329.70001220703125,330.0400085449219,46533
2026-08-10 12:34:00-04:00,329.8699951171875,330.08990478515625,329.727294921875,329.84381103515625,33204
2026-08-10 12:35:00-04:00,330.07000732421875,330.17999267578125,329.7994079589844,329.875,27395
2026-08-10 12:36:00-04:00,330.0350036621094,330.20001220703125,329.9800109863281,330.0950012207031,50205
2026-08-10 12:37:00-04:00,329.8800048828125,330.1470031738281,329.8500061035156,330.07000732421875,22285
2026-08-10 12:38:00-04:00,329.8900146484375,329.9898986816406,329.70001220703125,329.8800048828125,57102
2026-08-10 12:39:00-04:00,330.0899963378906,330.0899963378906,329.760009765625,329.8091125488281,28765
2026-08-10 12:40:00-04:00,329.997314453125,330.10198974609375,329.79998779296875,330.10198974609375,23605
2026-08-10 12:41:00-04:00,329.489990234375,329.9549865722656,329.43011474609375,329.9549865722656,73493
2026-08-10 12:42:00-04:00,329.42999267578125,329.59991455078125,329.3900146484375,329.5199890136719,28868
2026-08-10 12:43:00-04:00,328.92999267578125,329.4599914550781,328.8299865722656,329.44000244140625,71215
2026-08-10 12:44:00-04:00,328.760009765625,329.0299987792969,328.6499938964844,328.93499755859375,51675
2026-08-10 12:45:00-04:00,328.5299987792969,328.82000732421875,328.5,328.7900085449219,72457
2026-08-10 12:46:00-04:00,329.0,329.0155944824219,328.4599914550781,328.5379943847656,75339
2026-08-10 12:47:00-04:00,329.43939208984375,329.489990234375,328.9599914550781,328.965087890625,49753
2026-08-10 12:48:00-04:00,329.510009765625,329.54998779296875,329.3900146484375,329.44500732421875,35944
2026-08-10 12:49:00-04:00,329.4754943847656,329.6755065917969,329.44000244140625,329.489990234375,33057
2026-08-10 12:50:00-04:00,329.21490478515625,329.4999084472656,329.2102966308594,329.4460144042969,47047
2026-08-10 12:51:00-04:00,329.30499267578125,329.3399963378906,329.1600036621094,329.2300109863281,32736
2026-08-10 12:52:00-04:00,329.2200927734375,329.3349914550781,329.20001220703125,329.2799987792969,18762
2026-08-10 12:53:00-04:00,329.07000732421875,329.239990234375,329.0400085449219,329.2200012207031,25751
2026-08-10 12:54:00-04:00,329.30999755859375,329.30999755859375,329.0299987792969,329.0400085449219,21504
2026-08-10 12:55:00-04:00,329.6499938964844,329.8284912109375,329.3299865722656,329.3299865722656,44684
2026-08-10 12:56:00-04:00,329.510009765625,329.6499938964844,329.42999267578125,329.6499938964844,34099
2026-08-10 12:57:00-04:00,329.4884948730469,329.6299133300781,329.4700012207031,329.5150146484375,15557
2026-08-10 12:58:00-04:00,329.5199890136719,329.65960693359375,329.45001220703125,329.5,19377
2026-08-10 12:59:00-04:00,329.5199890136719,329.54998779296875,329.3800048828125,329.5150146484375,34377
2026-08-10 13:00:00-04:00,329.57000732421875,329.6452941894531,329.3999938964844,329.5199890136719,16666
2026-08-10 13:01:00-04:00,329.3399963378906,329.6098937988281,329.3299865722656,329.57000732421875,22810
2026-08-10 13:02:00-04:00,329.4599914550781,329.5,329.2900085449219,329.3299865722656,20768
2026-08-10 13:03:00-04:00,329.3999938964844,329.4800109863281,329.3804931640625,329.4649963378906,16692
2026-08-10 13:04:00-04:00,329.3900146484375,329.44989013671875,329.3077087402344,329.4100036621094,13216
2026-08-10 13:05:00-04:00,329.2792053222656,329.4100036621094,329.1415100097656,329.3699951171875,30853
2026-08-10 13:06:00-04:00,329.1300048828125,329.4136962890625,329.1099853515625,329.2200927734375,25338
2026-08-10 13:07:00-04:00,329.19000244140625,329.239990234375,329.0199890136719,329.1000061035156,34810
2026-08-10 13:08:00-04:00,329.30499267578125,329.3299865722656,329.1401062011719,329.2200012207031,14622
2026-08-10 13:09:00-04:00,329.3699951171875,329.4200134277344,329.25,329.30499267578125,20655
2026-08-10 13:10:00-04:00,329.2950134277344,329.46990966796875,329.2900085449219,329.3599853515625,24652
2026-08-10 13:11:00-04:00,329.0400085449219,329.2799987792969,328.92999267578125,329.2699890136719,44432
2026-08-10 13:12:00-04:00,329.3070068359375,329.389892578125,329.010009765625,329.0400085449219,28646
2026-08-10 13:13:00-04:00,329.4700012207031,329.5,329.2850036621094,329.36199951171875,27063
2026-08-10 13:14:00-04:00,329.4750061035156,329.6099853515625,329.45001220703125,329.4913024902344,21290
2026-08-10 13:15:00-04:00,329.5799865722656,329.6199035644531,329.3999938964844,329.45001220703125,23384
2026-08-10 13:16:00-04:00,329.54010009765625,329.6400146484375,329.42999267578125,329.6000061035156,16597
2026-08-10 13:17:00-04:00,329.5199890136719,329.55999755859375,329.3999938964844,329.5400085449219,35007
2026-08-10 13:18:00-04:00,329.3299865722656,329.5299987792969,329.29998779296875,329.5199890136719,23612
2026-08-10 13:19:00-04:00,329.55999755859375,329.55999755859375,329.32000732421875,329.32000732421875,16041
2026-08-10 13:20:00-04:00,329.54998779296875,329.79998779296875,329.54998779296875,329.6099853515625,39552
2026-08-10 13:21:00-04:00,329.4700012207031,329.6859130859375,329.4700012207031,329.64990234375,19071
2026-08-10 13:22:00-04:00,329.32000732421875,329.56671142578125,329.32000732421875,329.4700012207031,25226
2026-08-10 13:23:00-04:00,329.44000244140625,329.5260009765625,329.29998779296875,329.32000732421875,13905
2026-08-10 13:24:00-04:00,329.3399963378906,329.4700012207031,329.29998779296875,329.4599914550781,30829
2026-08-10 13:25:00-04:00,329.1000061035156,329.4700012207031,329.04010009765625,329.3599853515625,37339
2026-08-10 13:26:00-04:00,329.0799865722656,329.1499938964844,329.0199890136719,329.0450134277344,18093
2026-08-10 13:27:00-04:00,329.19000244140625,329.2799987792969,329.1000061035156,329.1000061035156,22174
2026-08-10 13:28:00-04:00,329.2099914550781,329.2099914550781,329.0400085449219,329.19000244140625,15691
2026-08-10 13:29:00-04:00,329.0299987792969,329.24200439453125,329.0249938964844,329.19000244140625,30832
2026-08-10 13:30:00-04:00,328.80999755859375,329.04998779296875,328.7102966308594,329.04998779296875,48728
2026-08-10 13:31:00-04:00,328.760009765625,328.95001220703125,328.760009765625,328.8299865722656,25706
2026-08-10 13:32:00-04:00,328.6300048828125,328.7900085449219,328.6300048828125,328.7099914550781,34493
2026-08-10 13:33:00-04:00,328.6099853515625,328.70001220703125,328.5299987792969,328.6199951171875,43012
2026-08-10 13:34:00-04:00,328.6549987792969,328.69000244140625,328.57000732421875,328.6199951171875,27515
2026-08-10 13:35:00-04:00,328.5799865722656,328.67999267578125,328.5799865722656,328.6549987792969,19329
2026-08-10 13:36:00-04:00,328.559814453125,328.8537902832031,328.5299987792969,328.5769958496094,41996
2026-08-10 13:37:00-04:00,328.510009765625,328.6400146484375,328.5,328.5849914550781,34836
2026-08-10 13:38:00-04:00,328.5799865722656,328.63189697265625,328.4200134277344,328.5069885253906,33554
2026-08-10 13:39:00-04:00,328.70001220703125,328.8230895996094,328.590087890625,328.6099853515625,27154
2026-08-10 13:40:00-04:00,328.6700134277344,328.7698974609375,328.57000732421875,328.70001220703125,29307
2026-08-10 13:41:00-04:00,328.7174987792969,328.739990234375,328.6000061035156,328.65008544921875,15043
2026-08-10 13:42:00-04:00,328.864501953125,328.9800109863281,328.69000244140625,328.7349853515625,23620
2026-08-10 13:43:00-04:00,329.0400085449219,329.05999755859375,328.8500061035156,328.9100036621094,23221
2026-08-10 13:44:00-04:00,328.75,329.0885009765625,328.7099914550781,329.0220947265625,28689
2026-08-10 13:45:00-04:00,328.69000244140625,328.7650146484375,328.5600891113281,328.760009765625,22841
2026-08-10 13:46:00-04:00,328.9100036621094,328.9549865722656,328.68499755859375,328.7200012207031,20541
2026-08-10 13:47:00-04:00,328.9549865722656,329.0498962402344,328.8699951171875,328.9100036621094,24864
2026-08-10 13:48:00-04:00,329.2300109863281,329.2557067871094,328.9241943359375,328.95001220703125,23155
2026-08-10 13:49:00-04:00,329.0249938964844,329.25,328.9800109863281,329.2200012207031,19282
2026-08-10 13:50:00-04:00,328.82000732421875,329.1449890136719,328.7900085449219,329.0,27508
2026-08-10 13:51:00-04:00,328.8554992675781,328.9014892578125,328.7300109863281,328.80499267578125,11191
2026-08-10 13:52:00-04:00,328.90008544921875,328.9425964355469,328.82000732421875,328.8797912597656,20403
2026-08-10 13:53:00-04:00,328.8900146484375,328.9599914550781,328.81610107421875,328.92999267578125,15887
2026-08-10 13:54:00-04:00,328.8299865722656,328.9200134277344,328.781005859375,328.8800048828125,10843
2026-08-10 13:55:00-04:00,328.7049865722656,329.01190185546875,328.69000244140625,328.8599853515625,43370
2026-08-10 13:56:00-04:00,328.7699890136719,328.7900085449219,328.6300048828125,328.739990234375,18562
2026-08-10 13:57:00-04:00,328.94000244140625,328.9700012207031,328.760009765625,328.7644958496094,12206
2026-08-10 13:58:00-04:00,329.0799865722656,329.1600036621094,328.9100036621094,328.9100036621094,18670
2026-08-10 13:59:00-04:00,329.0201110839844,329.1398010253906,328.9960021972656,329.0799865722656,18396
2026-08-10 14:00:00-04:00,329.35699462890625,329.46990966796875,329.0201110839844,329.04998779296875,54744
2026-08-10 14:01:00-04:00,329.4599914550781,329.6300048828125,329.1700134277344,329.3999938964844,61529
2026-08-10 14:02:00-04:00,329.55999755859375,329.5899963378906,329.42498779296875,329.46038818359375,25801
2026-08-10 14:03:00-04:00,329.4849853515625,329.6499938964844,329.4501037597656,329.5299987792969,35065
2026-08-10 14:04:00-04:00,329.44500732421875,329.5486145019531,329.3900146484375,329.4800109863281,18198
2026-08-10 14:05:00-04:00,329.4800109863281,329.489990234375,329.29998779296875,329.44500732421875,22534
2026-08-10 14:06:00-04:00,329.3349914550781,329.4649963378906,329.30999755859375,329.4649963378906,44209
2026-08-10 14:07:00-04:00,329.3500061035156,329.3999938964844,329.29998779296875,329.3349914550781,12035
2026-08-10 14:08:00-04:00,329.46099853515625,329.4999084472656,329.3500061035156,329.3500061035156,17816
2026-08-10 14:09:00-04:00,329.5299987792969,329.5299987792969,329.3399963378906,329.44000244140625,24915
2026-08-10 14:10:00-04:00,329.3800048828125,329.510009765625,329.32000732421875,329.489990234375,27634
2026-08-10 14:11:00-04:00,329.3851013183594,329.5299987792969,329.3699951171875,329.4200134277344,19986
2026-08-10 14:12:00-04:00,329.1050109863281,329.4010925292969,329.0799865722656,329.3900146484375,26354
2026-08-10 14:13:00-04:00,329.17999267578125,329.239990234375,329.04998779296875,329.1050109863281,19619
2026-08-10 14:14:00-04:00,329.0299987792969,329.20001220703125,328.9700012207031,329.17999267578125,17115
2026-08-10 14:15:00-04:00,329.0050048828125,329.0799865722656,328.94000244140625,329.027587890625,28896
2026-08-10 14:16:00-04:00,329.0299987792969,329.0780944824219,328.8999938964844,329.0,12806
2026-08-10 14:17:00-04:00,329.17999267578125,329.2298889160156,328.989990234375,329.0299987792969,20363
2026-08-10 14:18:00-04:00,329.0400085449219,329.19219970703125,329.0201110839844,329.17999267578125,19002
2026-08-10 14:19:00-04:00,329.0450134277344,329.1288146972656,329.010009765625,329.0299987792969,15987
2026-08-10 14:20:00-04:00,329.04998779296875,329.1449890136719,329.0199890136719,329.0237121582031,22478
2026-08-10 14:21:00-04:00,329.1600036621094,329.1600036621094,329.0199890136719,329.0564880371094,15238
2026-08-10 14:22:00-04:00,329.1199951171875,329.2799987792969,329.05999755859375,329.125,14413
2026-08-10 14:23:00-04:00,329.07000732421875,329.1698913574219,329.0400085449219,329.1199951171875,14574
2026-08-10 14:24:00-04:00,329.010009765625,329.17889404296875,329.0,329.07000732421875,17981
2026-08-10 14:25:00-04:00,329.010009765625,329.04998779296875,328.94000244140625,329.0199890136719,38461
2026-08-10 14:26:00-04:00,328.92999267578125,329.0198974609375,328.8399963378906,329.0050048828125,18289
2026-08-10 14:27:00-04:00,328.6549987792969,328.9100036621094,328.635009765625,328.9100036621094,39634
2026-08-10 14:28:00-04:00,328.6099853515625,328.739990234375,328.5799865722656,328.6549987792969,24976
2026-08-10 14:29:00-04:00,328.55999755859375,328.6700134277344,328.510009765625,328.6400146484375,46462
2026-08-10 14:30:00-04:00,328.5400085449219,328.6000061035156,328.4100036621094,328.53009033203125,45605
2026-08-10 14:31:00-04:00,328.5151062011719,328.5799865722656,328.4150085449219,328.5150146484375,23888
2026-08-10 14:32:00-04:00,328.360107421875,328.5299987792969,328.3500061035156,328.5,40738
2026-08-10 14:33:00-04:00,328.45001220703125,328.5299987792969,328.3599853515625,328.4399108886719,24495
2026-08-10 14:34:00-04:00,328.80999755859375,328.8399963378906,328.4100036621094,328.4700012207031,37292
2026-08-10 14:35:00-04:00,328.8399963378906,328.9800109863281,328.7799987792969,328.80999755859375,43475
2026-08-10 14:36:00-04:00,328.7701110839844,328.94000244140625,328.70001220703125,328.8399963378906,21055
2026-08-10 14:37:00-04:00,328.510009765625,328.8099060058594,328.4800109863281,328.8099060058594,32199
2026-08-10 14:38:00-04:00,328.4612121582031,328.614990234375,328.4200134277344,328.5199890136719,38661
2026-08-10 14:39:00-04:00,328.57501220703125,328.57501220703125,328.3999938964844,328.4800109863281,29407
2026-08-10 14:40:00-04:00,328.7300109863281,328.75,328.57000732421875,328.6400146484375,29222
2026-08-10 14:41:00-04:00,328.760009765625,328.7998962402344,328.6900939941406,328.7300109863281,26207
2026-08-10 14:42:00-04:00,328.9359130859375,328.9359130859375,328.7300109863281,328.760009765625,34029
2026-08-10 14:43:00-04:00,328.5299987792969,328.96160888671875,328.5,328.92498779296875,42224
2026-08-10 14:44:00-04:00,328.6199951171875,328.6300048828125,328.489990234375,328.5299987792969,26495
2026-08-10 14:45:00-04:00,328.6400146484375,328.76959228515625,328.56988525390625,328.5799865722656,25267
2026-08-10 14:46:00-04:00,328.80010986328125,328.8949890136719,328.6199951171875,328.635009765625,28927
2026-08-10 14:47:00-04:00,328.8349914550781,328.8599853515625,328.7699890136719,328.82000732421875,11925
2026-08-10 14:48:00-04:00,328.9150085449219,328.95001220703125,328.7799987792969,328.82000732421875,30857
2026-08-10 14:49:00-04:00,328.875,328.9150085449219,328.82000732421875,328.8800048828125,27422
2026-08-10 14:50:00-04:00,328.9078063964844,328.9700012207031,328.8299865722656,328.8900146484375,23527
2026-08-10 14:51:00-04:00,328.8399963378906,329.0899963378906,328.7799987792969,328.8999938964844,31808
2026-08-10 14:52:00-04:00,328.7749938964844,328.856201171875,328.67010498046875,328.8399963378906,23459
2026-08-10 14:53:00-04:00,328.82000732421875,328.8800048828125,328.7699890136719,328.7699890136719,9538
2026-08-10 14:54:00-04:00,328.8299865722656,328.95001220703125,328.75,328.7900085449219,16513
2026-08-10 14:55:00-04:00,328.7406921386719,328.94000244140625,328.7300109863281,328.9100036621094,14726
2026-08-10 14:56:00-04:00,328.9377136230469,328.94000244140625,328.75,328.7699890136719,16273
2026-08-10 14:57:00-04:00,328.94000244140625,328.9695129394531,328.8599853515625,328.92498779296875,10034
2026-08-10 14:58:00-04:00,328.885009765625,328.9549865722656,328.8299865722656,328.94000244140625,14687
2026-08-10 14:59:00-04:00,328.9100036621094,329.0199890136719,328.885009765625,328.885009765625,21805
2026-08-10 15:00:00-04:00,329.0899963378906,329.20001220703125,328.8500061035156,328.8900146484375,42260
2026-08-10 15:01:00-04:00,329.19000244140625,329.2900085449219,329.07000732421875,329.1199951171875,32737
2026-08-10 15:02:00-04:00,329.5249938964844,329.5400085449219,329.1700134277344,329.21990966796875,55227
2026-08-10 15:03:00-04:00,329.85009765625,329.8900146484375,329.4814147949219,329.5249938964844,59096
2026-08-10 15:04:00-04:00,329.6300048828125,329.8599853515625,329.5303039550781,329.8599853515625,31829
2026-08-10 15:05:00-04:00,329.6099853515625,329.6650085449219,329.55999755859375,329.6300048828125,31701
2026-08-10 15:06:00-04:00,329.4599914550781,329.639892578125,329.44000244140625,329.6099853515625,36071
2026-08-10 15:07:00-04:00,329.5719909667969,329.5719909667969,329.4435119628906,329.4435119628906,27855
2026-08-10 15:08:00-04:00,329.69000244140625,329.7699890136719,329.5400085449219,329.57000732421875,37773
2026-08-10 15:09:00-04:00,329.57501220703125,329.70001220703125,329.43011474609375,329.69000244140625,31743
2026-08-10 15:10:00-04:00,329.5849914550781,329.6499938964844,329.54998779296875,329.57501220703125,40594
2026-08-10 15:11:00-04:00,329.6499938964844,329.69000244140625,329.5899963378906,329.6000061035156,31851
2026-08-10 15:12:00-04:00,329.5050048828125,329.66119384765625,329.44000244140625,329.6499938964844,30621
2026-08-10 15:13:00-04:00,329.55499267578125,329.56988525390625,329.3500061035156,329.4960021972656,28219
2026-08-10 15:14:00-04:00,329.4800109863281,329.55999755859375,329.3399963378906,329.5400085449219,38820
2026-08-10 15:15:00-04:00,329.2099914550781,329.5,329.2099914550781,329.5,40660
2026-08-10 15:16:00-04:00,329.0400085449219,329.30828857421875,329.010009765625,329.29998779296875,43809
2026-08-10 15:17:00-04:00,329.17498779296875,329.2298889160156,329.0400085449219,329.0400085449219,16045
2026-08-10 15:18:00-04:00,329.04998779296875,329.2267150878906,329.010009765625,329.1499938964844,29748
2026-08-10 15:19:00-04:00,328.9599914550781,329.127197265625,328.8900146484375,329.09600830078125,38003
2026-08-10 15:20:00-04:00,328.8800048828125,329.0799865722656,328.8800048828125,328.9800109863281,28290
2026-08-10 15:21:00-04:00,328.8550109863281,328.9800109863281,328.82000732421875,328.9100036621094,21303
2026-08-10 15:22:00-04:00,328.8800048828125,328.8900146484375,328.80999755859375,328.8550109863281,16494
2026-08-10 15:23:00-04:00,329.0400085449219,329.1300048828125,328.8399963378906,328.8550109863281,41652
2026-08-10 15:24:00-04:00,329.07000732421875,329.09991455078125,328.9100036621094,329.0176086425781,14943
2026-08-10 15:25:00-04:00,329.1050109863281,329.1300048828125,329.0450134277344,329.04998779296875,17341
2026-08-10 15:26:00-04:00,329.7049865722656,329.739990234375,329.1050109863281,329.1050109863281,83212
2026-08-10 15:27:00-04:00,329.59869384765625,329.739990234375,329.4700012207031,329.7049865722656,44442
2026-08-10 15:28:00-04:00,329.7099914550781,329.7799987792969,329.5799865722656,329.625,31733
2026-08-10 15:29:00-04:00,329.8599853515625,329.8620910644531,329.6700134277344,329.7049865722656,49114
2026-08-10 15:30:00-04:00,329.94281005859375,329.9800109863281,329.6099853515625,329.8599853515625,88302
2026-08-10 15:31:00-04:00,330.16009521484375,330.20001220703125,329.95001220703125,329.9798889160156,113840
2026-08-10 15:32:00-04:00,330.2049865722656,330.2099914550781,330.010009765625,330.1700134277344,81045
2026-08-10 15:33:00-04:00,330.010009765625,330.2799987792969,330.010009765625,330.2099914550781,55723
2026-08-10 15:34:00-04:00,329.67999267578125,330.0150146484375,329.6499938964844,330.010009765625,81670
2026-08-10 15:35:00-04:00,329.8900146484375,329.989990234375,329.67999267578125,329.70001220703125,59986
2026-08-10 15:36:00-04:00,329.57000732421875,329.8800048828125,329.54998779296875,329.8800048828125,55111
2026-08-10 15:37:00-04:00,329.3900146484375,329.67999267578125,329.30999755859375,329.5950012207031,62399
2026-08-10 15:38:00-04:00,329.5849914550781,329.6300048828125,329.3399963378906,329.3900146484375,29192
2026-08-10 15:39:00-04:00,329.5950012207031,329.7099914550781,329.5559997558594,329.56201171875,64671
2026-08-10 15:40:00-04:00,329.5299987792969,329.6600036621094,329.5201110839844,329.6300048828125,27362
2026-08-10 15:41:00-04:00,329.6300048828125,329.6700134277344,329.55999755859375,329.55999755859375,22025
2026-08-10 15:42:00-04:00,329.7049865722656,329.7799987792969,329.6400146484375,329.6400146484375,34029
2026-08-10 15:43:00-04:00,329.8900146484375,329.92999267578125,329.6400146484375,329.70001220703125,63163
2026-08-10 15:44:00-04:00,329.79998779296875,329.8800048828125,329.7200012207031,329.8399963378906,38946
2026-08-10 15:45:00-04:00,329.80499267578125,329.95001220703125,329.78070068359375,329.8399963378906,60199
2026-08-10 15:46:00-04:00,329.760009765625,329.8999938964844,329.7099914550781,329.7799987792969,39501
2026-08-10 15:47:00-04:00,329.8299865722656,329.9100036621094,329.7650146484375,329.7699890136719,37261
2026-08-10 15:48:00-04:00,329.7950134277344,329.8900146484375,329.760009765625,329.8512878417969,23926
2026-08-10 15:49:00-04:00,329.8599853515625,329.8900146484375,329.70001220703125,329.7699890136719,44091
2026-08-10 15:50:00-04:00,329.7200012207031,329.80999755859375,329.57000732421875,329.80999755859375,60872
2026-08-10 15:51:00-04:00,329.6300048828125,329.7799987792969,329.6300048828125,329.7200012207031,45683
2026-08-10 15:52:00-04:00,329.82000732421875,329.8500061035156,329.510009765625,329.6300048828125,64599
2026-08-10 15:53:00-04:00,329.94000244140625,330.0799865722656,329.7699890136719,329.82501220703125,121787
2026-08-10 15:54:00-04:00,330.0350036621094,330.0899963378906,329.8900146484375,329.94989013671875,105783
2026-08-10 15:55:00-04:00,330.8999938964844,331.1896057128906,330.0799865722656,330.0799865722656,300338
2026-08-10 15:56:00-04:00,330.95001220703125,331.1499938964844,330.7900085449219,330.8999938964844,185617
2026-08-10 15:57:00-04:00,331.07501220703125,331.1099853515625,330.75,330.9649963378906,200739
2026-08-10 15:58:00-04:00,331.1499938964844,331.1600036621094,330.8900146484375,331.07501220703125,271890
2026-08-10 15:59:00-04:00,330.8529968261719,331.25,330.70001220703125,331.18499755859375,606747
2026-08-11 09:30:00-04:00,332.32000732421875,333.79998779296875,332.0400085449219,332.989990234375,895037
2026-08-11 09:31:00-04:00,332.2701110839844,332.79998779296875,331.6700134277344,332.3299865722656,126294
2026-08-11 09:32:00-04:00,332.1695861816406,332.6300048828125,331.5000915527344,332.3999938964844,111787
2026-08-11 09:33:00-04:00,331.9115905761719,332.81988525390625,331.6400146484375,332.3399963378906,117589
2026-08-11 09:34:00-04:00,332.52630615234375,332.7300109863281,331.4599914550781,331.8500061035156,113716
2026-08-11 09:35:00-04:00,331.7200012207031,333.1000061035156,331.6099853515625,332.489990234375,166658
2026-08-11 09:36:00-04:00,329.9849853515625,331.82989501953125,329.7900085449219,331.7149963378906,286349
2026-08-11 09:37:00-04:00,330.625,330.7398986816406,329.5299987792969,330.0434875488281,152274
2026-08-11 09:38:00-04:00,330.79998779296875,331.1499938964844,330.45001220703125,330.54998779296875,105567
2026-08-11 09:39:00-04:00,330.510009765625,330.7200012207031,329.95599365234375,330.7200012207031,114684
2026-08-11 09:40:00-04:00,332.0,332.0,330.5,330.5777893066406,133607
2026-08-11 09:41:00-04:00,331.55010986328125,331.9840087890625,331.29998779296875,331.9237060546875,81254
2026-08-11 09:42:00-04:00,331.7049865722656,331.889892578125,331.2749938964844,331.6990051269531,65319
2026-08-11 09:43:00-04:00,331.5450134277344,332.3179931640625,331.4100036621094,331.6700134277344,129318
2026-08-11 09:44:00-04:00,331.33880615234375,331.7300109863281,331.2300109863281,331.489990234375,120218
2026-08-11 09:45:00-04:00,331.2799987792969,331.3699035644531,330.6300048828125,331.2300109863281,95373
2026-08-11 09:46:00-04:00,331.6700134277344,331.9700012207031,330.5899963378906,331.2362976074219,109836
2026-08-11 09:47:00-04:00,331.7099914550781,332.2898864746094,331.3504943847656,331.6700134277344,110928
2026-08-11 09:48:00-04:00,332.1400146484375,332.29949951171875,331.4700012207031,331.7099914550781,73076
2026-08-11 09:49:00-04:00,332.3800048828125,332.70001220703125,331.92999267578125,332.19500732421875,124522
2026-08-11 09:50:00-04:00,332.31500244140625,332.8799133300781,332.17999267578125,332.2900085449219,126923
2026-08-11 09:51:00-04:00,332.2650146484375,332.659912109375,332.0,332.30999755859375,83137
2026-08-11 09:52:00-04:00,332.6600036621094,332.82000732421875,331.7900085449219,332.25,98014
2026-08-11 09:53:00-04:00,332.07501220703125,332.69000244140625,331.8500061035156,332.5899963378906,69690
2026-08-11 09:54:00-04:00,331.30999755859375,332.22198486328125,331.30999755859375,332.0400085449219,102093
2026-08-11 09:55:00-04:00,332.0201110839844,332.04998779296875,331.06988525390625,331.3599853515625,126157
2026-08-11 09:56:00-04:00,332.9649963378906,333.1000061035156,331.8599853515625,331.9200134277344,179315
2026-08-11 09:57:00-04:00,333.3500061035156,333.4100036621094,332.875,332.9649963378906,173086
2026-08-11 09:58:00-04:00,333.86981201171875,334.0,333.301513671875,333.3399963378906,195223
2026-08-11 09:59:00-04:00,333.7550048828125,334.0799865722656,333.489990234375,333.82501220703125,134872
2026-08-11 10:00:00-04:00,334.73968505859375,334.8999938964844,333.590087890625,333.79998779296875,268513
2026-08-11 10:01:00-04:00,333.4501037597656,334.7799987792969,333.32000732421875,334.7149963378906,241535
2026-08-11 10:02:00-04:00,334.1199951171875,334.1549987792969,333.239990234375,333.35009765625,124121
2026-08-11 10:03:00-04:00,334.1412048339844,334.4800109863281,334.0299987792969,334.1700134277344,104253
2026-08-11 10:04:00-04:00,334.864990234375,334.989990234375,334.1400146484375,334.17999267578125,174905
2026-08-11 10:05:00-04:00,334.79998779296875,335.010009765625,334.4700012207031,334.8900146484375,233782
2026-08-11 10:06:00-04:00,335.0884094238281,335.2298889160156,334.7799987792969,334.7950134277344,196870
2026-08-11 10:07:00-04:00,335.0799865722656,335.0799865722656,334.69000244140625,335.0,114517
2026-08-11 10:08:00-04:00,335.05999755859375,335.3299865722656,334.4800109863281,335.0849914550781,158551
2026-08-11 10:09:00-04:00,335.04998779296875,335.2898864746094,334.6401062011719,335.1180114746094,93386
2026-08-11 10:10:00-04:00,335.239990234375,335.4800109863281,335.03851318359375,335.0450134277344,134443
2026-08-11 10:11:00-04:00,334.8949890136719,335.3999938964844,334.8800048828125,335.2349853515625,96466
2026-08-11 10:12:00-04:00,334.9599914550781,335.1400146484375,334.80999755859375,334.8951110839844,104119
2026-08-11 10:13:00-04:00,335.1099853515625,335.3273010253906,334.8710021972656,334.95001220703125,117368
2026-08-11 10:14:00-04:00,335.0799865722656,335.33990478515625,334.8660888671875,335.05999755859375,91903
2026-08-11 10:15:00-04:00,335.3207092285156,335.4599914550781,335.0299987792969,335.0400085449219,140362
2026-08-11 10:16:00-04:00,335.3699951171875,335.45001220703125,335.05999755859375,335.33929443359375,124401
2026-08-11 10:17:00-04:00,335.05999755859375,335.3799133300781,335.0350036621094,335.3699951171875,91632
2026-08-11 10:18:00-04:00,335.28509521484375,336.20001220703125,335.0292053222656,335.05999755859375,293990
2026-08-11 10:19:00-04:00,334.7099914550781,335.489990234375,334.7099914550781,335.2749938964844,155305
2026-08-11 10:20:00-04:00,335.17498779296875,335.2080993652344,334.3500061035156,334.7001037597656,161089
2026-08-11 10:21:00-04:00,334.8699951171875,335.20001220703125,334.6000061035156,335.17498779296875,73851
2026-08-11 10:22:00-04:00,334.6199951171875,335.2598876953125,334.55010986328125,334.8800048828125,60839
2026-08-11 10:23:00-04:00,335.3301086425781,335.4200134277344,334.5,334.5299987792969,87095
2026-08-11 10:24:00-04:00,335.1449890136719,335.69000244140625,335.0400085449219,335.3299865722656,89289
2026-08-11 10:25:00-04:00,334.7547912597656,335.6000061035156,334.4200134277344,335.0899963378906,154613
2026-08-11 10:26:00-04:00,334.4750061035156,334.9100036621094,334.3299865722656,334.7900085449219,86841
2026-08-11 10:27:00-04:00,334.3550109863281,334.8599853515625,334.32000732421875,334.5299987792969,77049
2026-08-11 10:28:00-04:00,334.5390930175781,334.5390930175781,334.20050048828125,334.3550109863281,66660
2026-08-11 10:29:00-04:00,334.69000244140625,334.82000732421875,334.2699890136719,334.489990234375,92879
2026-08-11 10:30:00-04:00,334.2650146484375,334.7749938964844,334.25,334.7499084472656,54305
2026-08-11 10:31:00-04:00,333.29998779296875,334.30999755859375,332.739990234375,334.27508544921875,263828
2026-08-11 10:32:00-04:00,333.30999755859375,333.74798583984375,333.20001220703125,333.25,75270
2026-08-11 10:33:00-04:00,333.42498779296875,333.5400085449219,333.07000732421875,333.2699890136719,83963
2026-08-11 10:34:00-04:00,333.7449951171875,333.7991027832031,333.3599853515625,333.42498779296875,59912
2026-08-11 10:35:00-04:00,333.8349914550781,333.9800109863281,333.6099853515625,333.7449951171875,56189
2026-08-11 10:36:00-04:00,333.8349914550781,334.0,333.7225036621094,333.80120849609375,50881
2026-08-11 10:37:00-04:00,333.71990966796875,333.8671875,333.5600891113281,333.8349914550781,33455
2026-08-11 10:38:00-04:00,333.40008544921875,333.75,333.2799987792969,333.6499938964844,47744
2026-08-11 10:39:00-04:00,333.9772033691406,334.0299987792969,333.29998779296875,333.3699951171875,78586
2026-08-11 10:40:00-04:00,334.260009765625,334.3900146484375,333.9700012207031,333.9700012207031,81238
2026-08-11 10:41:00-04:00,334.3450927734375,334.3900146484375,334.19000244140625,334.2699890136719,43746
2026-08-11 10:42:00-04:00,334.8800048828125,334.8999938964844,334.239990234375,334.3399963378906,81574
2026-08-11 10:43:00-04:00,335.30999755859375,335.43499755859375,334.8800048828125,334.8800048828125,127572
2026-08-11 10:44:00-04:00,334.9700012207031,335.3500061035156,334.79010009765625,335.30999755859375,71591
2026-08-11 10:45:00-04:00,334.7850036621094,335.07000732421875,334.6199951171875,334.9700012207031,57513
2026-08-11 10:46:00-04:00,334.69000244140625,334.92999267578125,334.6700134277344,334.8399963378906,36835
2026-08-11 10:47:00-04:00,334.95001220703125,334.989990234375,334.6499938964844,334.69000244140625,41259
2026-08-11 10:48:00-04:00,335.19000244140625,335.19000244140625,334.8399963378906,334.9599914550781,80173
2026-08-11 10:49:00-04:00,334.5950012207031,335.15478515625,334.5299987792969,335.15478515625,53931
2026-08-11 10:50:00-04:00,334.2850036621094,334.62249755859375,334.2452087402344,334.5799865722656,101024
2026-08-11 10:51:00-04:00,334.8800048828125,334.8800048828125,334.2699890136719,334.29998779296875,73644
2026-08-11 10:52:00-04:00,334.9100036621094,335.20001220703125,334.79998779296875,334.8599853515625,88252
2026-08-11 10:53:00-04:00,335.0150146484375,335.0599060058594,334.7749938964844,334.875,40888
2026-08-11 10:54:00-04:00,335.2601013183594,335.4198913574219,334.8299865722656,335.0199890136719,78375
2026-08-11 10:55:00-04:00,334.70001220703125,335.27911376953125,334.64801025390625,335.2539978027344,100212
2026-08-11 10:56:00-04:00,334.79998779296875,335.05999755859375,334.6000061035156,334.7049865722656,53624
2026-08-11 10:57:00-04:00,334.6896057128906,334.95001220703125,334.5899963378906,334.79998779296875,32786
2026-08-11 10:58:00-04:00,334.32000732421875,334.7900085449219,334.2900085449219,334.6199951171875,44434
2026-08-11 10:59:00-04:00,334.18499755859375,334.4549865722656,334.1499938964844,334.32000732421875,35937
2026-08-11 11:00:00-04:00,334.1400146484375,334.3800048828125,334.06500244140625,334.2087097167969,53594
2026-08-11 11:01:00-04:00,334.32501220703125,334.57000732421875,334.0400085449219,334.1805114746094,53605
2026-08-11 11:02:00-04:00,333.92498779296875,334.3599853515625,333.80999755859375,334.32501220703125,73992
2026-08-11 11:03:00-04:00,333.95001220703125,334.1400146484375,333.82049560546875,333.9599914550781,37696
2026-08-11 11:04:00-04:00,334.2749938964844,334.4700012207031,333.3500061035156,333.94000244140625,116474
2026-08-11 11:05:00-04:00,334.3500061035156,334.5,334.260009765625,334.30999755859375,45366
2026-08-11 11:06:00-04:00,333.9100036621094,334.4200134277344,333.8500061035156,334.3500061035156,46880
2026-08-11 11:07:00-04:00,333.8399963378906,334.0799865722656,333.8399963378906,333.9200134277344,27226
2026-08-11 11:08:00-04:00,333.69500732421875,334.0400085449219,333.4100036621094,333.8399963378906,46472
2026-08-11 11:09:00-04:00,333.909912109375,333.989501953125,333.6875,333.69500732421875,28575
2026-08-11 11:10:00-04:00,333.8500061035156,333.95001220703125,333.6000061035156,333.8599853515625,29120
2026-08-11 11:11:00-04:00,334.260009765625,334.2900085449219,333.66009521484375,333.8500061035156,37736
2026-08-11 11:12:00-04:00,334.0199890136719,334.4599914550781,334.0199890136719,334.260009765625,59385
2026-08-11 11:13:00-04:00,333.6199951171875,334.1099853515625,333.5400085449219,334.0299987792969,44640
2026-08-11 11:14:00-04:00,333.5201110839844,333.8699951171875,333.510009765625,333.6400146484375,35854
2026-08-11 11:15:00-04:00,333.30999755859375,333.760009765625,333.20001220703125,333.54998779296875,75904
2026-08-11 11:16:00-04:00,333.135009765625,333.4798889160156,333.04998779296875,333.31390380859375,59256
2026-08-11 11:17:00-04:00,333.010009765625,333.2699890136719,332.9100036621094,333.1000061035156,82610
2026-08-11 11:18:00-04:00,332.82000732421875,333.17999267578125,332.75,332.9819030761719,74105
2026-08-11 11:19:00-04:00,333.1300048828125,333.29998779296875,332.739990234375,332.7901916503906,76719
2026-08-11 11:20:00-04:00,333.2247009277344,333.3099060058594,332.9599914550781,333.1600036621094,34238
2026-08-11 11:21:00-04:00,333.4599914550781,333.49951171875,333.0426025390625,333.17498779296875,32960
2026-08-11 11:22:00-04:00,333.25,333.5498962402344,333.25,333.4750061035156,55420
2026-08-11 11:23:00-04:00,333.2099914550781,333.2898864746094,333.1090087890625,333.239990234375,36122
2026-08-11 11:24:00-04:00,333.0050048828125,333.25,332.8800048828125,333.2099914550781,38521
2026-08-11 11:25:00-04:00,333.3594970703125,333.3695068359375,332.9700927734375,333.0,26006
2026-08-11 11:26:00-04:00,333.2900085449219,333.3514099121094,333.1600036621094,333.3349914550781,18857
2026-08-11 11:27:00-04:00,333.3399963378906,333.3999938964844,333.2200012207031,333.2734069824219,22654
2026-08-11 11:28:00-04:00,333.2900085449219,333.4100036621094,333.2724914550781,333.30999755859375,25353
2026-08-11 11:29:00-04:00,333.29998779296875,333.3599853515625,333.17999267578125,333.2900085449219,19398
2026-08-11 11:30:00-04:00,333.19000244140625,333.3587951660156,333.1000061035156,333.2699890136719,17364
2026-08-11 11:31:00-04:00,333.0299987792969,333.2200012207031,333.0299987792969,333.1400146484375,21868
2026-08-11 11:32:00-04:00,333.2099914550781,333.25,333.0199890136719,333.0400085449219,24012
2026-08-11 11:33:00-04:00,332.92999267578125,333.3399963378906,332.9100036621094,333.19500732421875,38829
2026-08-11 11:34:00-04:00,332.4584045410156,332.95001220703125,332.3699951171875,332.8999938964844,92081
2026-08-11 11:35:00-04:00,332.59051513671875,332.79998779296875,332.3099060058594,332.42999267578125,71684
2026-08-11 11:36:00-04:00,332.5899963378906,332.6700134277344,332.510009765625,332.65509033203125,24365
2026-08-11 11:37:00-04:00,332.6300048828125,332.64990234375,332.4599914550781,332.6000061035156,31948
2026-08-11 11:38:00-04:00,333.04998779296875,333.1300048828125,332.60009765625,332.6400146484375,56801
2026-08-11 11:39:00-04:00,332.82989501953125,333.2099914550781,332.7099914550781,333.0599060058594,77328
2026-08-11 11:40:00-04:00,332.94000244140625,333.0,332.6390075683594,332.80999755859375,36617
2026-08-11 11:41:00-04:00,333.0400085449219,333.139892578125,332.8900146484375,332.9400939941406,41645
2026-08-11 11:42:00-04:00,333.1400146484375,333.17999267578125,332.94000244140625,333.0799865722656,38203
2026-08-11 11:43:00-04:00,333.34991455078125,333.34991455078125,333.0799865722656,333.1700134277344,36958
2026-08-11 11:44:00-04:00,333.5,333.60400390625,333.31500244140625,333.32501220703125,57771
2026-08-11 11:45:00-04:00,333.3800048828125,333.6400146484375,333.3500061035156,333.5,59187
2026-08-11 11:46:00-04:00,333.0215148925781,333.4100036621094,333.0215148925781,333.375,36582
2026-08-11 11:47:00-04:00,332.7799987792969,333.1000061035156,332.7550048828125,333.0199890136719,42668
2026-08-11 11:48:00-04:00,332.75,332.9100036621094,332.6700134277344,332.79998779296875,42541
2026-08-11 11:49:00-04:00,332.5050048828125,332.70001220703125,332.4901123046875,332.67999267578125,40586
2026-08-11 11:50:00-04:00,332.7799987792969,332.8299865722656,332.4700012207031,332.5050048828125,44187
2026-08-11 11:51:00-04:00,332.4201965332031,332.8066101074219,332.4200134277344,332.7500915527344,30542
2026-08-11 11:52:00-04:00,332.3699951171875,332.6400146484375,332.34210205078125,332.489990234375,51276
2026-08-11 11:53:00-04:00,332.3599853515625,332.4898986816406,332.3299865722656,332.364990234375,25509
2026-08-11 11:54:00-04:00,332.4100036621094,332.5400085449219,332.34619140625,332.3500061035156,26468
2026-08-11 11:55:00-04:00,332.43499755859375,332.6199035644531,332.3599853515625,332.3999938964844,27683
2026-08-11 11:56:00-04:00,332.5899963378906,332.6299133300781,332.4100036621094,332.45001220703125,29439
2026-08-11 11:57:00-04:00,332.5400085449219,332.6499938964844,332.489990234375,332.55010986328125,20174
2026-08-11 11:58:00-04:00,332.94000244140625,333.0,332.2099914550781,332.4901123046875,87050
2026-08-11 11:59:00-04:00,332.9649963378906,333.25,332.8299865722656,333.0098876953125,58707
2026-08-11 12:00:00-04:00,332.94000244140625,333.05999755859375,332.8900146484375,332.9649963378906,30414
2026-08-11 12:01:00-04:00,332.79998779296875,332.9800109863281,332.6498107910156,332.8800048828125,29192
2026-08-11 12:02:00-04:00,332.9549865722656,333.0,332.6300048828125,332.7449951171875,27819
2026-08-11 12:03:00-04:00,332.9549865722656,333.1000061035156,332.8699951171875,333.0,32658
2026-08-11 12:04:00-04:00,332.9599914550781,333.29998779296875,332.8999938964844,332.9800109863281,72125
2026-08-11 12:05:00-04:00,333.135009765625,333.169189453125,332.8399963378906,332.9700012207031,27675
2026-08-11 12:06:00-04:00,333.2099914550781,333.3800048828125,333.0899963378906,333.1199951171875,39202
2026-08-11 12:07:00-04:00,333.0199890136719,333.32000732421875,333.0101013183594,333.19500732421875,29469
2026-08-11 12:08:00-04:00,333.2950134277344,333.30999755859375,333.0,333.0400085449219,36696
2026-08-11 12:09:00-04:00,333.29998779296875,333.3399963378906,333.2200012207031,333.2950134277344,19727
2026-08-11 12:10:00-04:00,333.2900085449219,333.4107971191406,333.2099914550781,333.32000732421875,33941
2026-08-11 12:11:00-04:00,333.0917053222656,333.30999755859375,333.0201110839844,333.2900085449219,18471
2026-08-11 12:12:00-04:00,333.2820129394531,333.2900085449219,333.0899963378906,333.0899963378906,21657
2026-08-11 12:13:00-04:00,332.8938903808594,333.2300109863281,332.8581848144531,333.20001220703125,37440
2026-08-11 12:14:00-04:00,332.8399963378906,333.0,332.82000732421875,332.8900146484375,17424
2026-08-11 12:15:00-04:00,332.8699951171875,332.9100036621094,332.7699890136719,332.8599853515625,18898
2026-08-11 12:16:00-04:00,333.010009765625,333.1400146484375,332.79998779296875,332.8599853515625,17769
2026-08-11 12:17:00-04:00,332.8599853515625,333.0,332.82000732421875,332.9700012207031,21364
2026-08-11 12:18:00-04:00,332.45989990234375,332.889892578125,332.40850830078125,332.8599853515625,28373
2026-08-11 12:19:00-04:00,332.0299987792969,332.4100036621094,331.9200134277344,332.4100036621094,81682
2026-08-11 12:20:00-04:00,331.9100036621094,332.1799011230469,331.8800048828125,332.0150146484375,58266
2026-08-11 12:21:00-04:00,331.8700866699219,332.08990478515625,331.80999755859375,331.92999267578125,37941
2026-08-11 12:22:00-04:00,332.20001220703125,332.2514953613281,331.69000244140625,331.8918151855469,76323
2026-08-11 12:23:00-04:00,332.2099914550781,332.3999938964844,332.07000732421875,332.20001220703125,52894
2026-08-11 12:24:00-04:00,331.82611083984375,332.25628662109375,331.80718994140625,332.2099914550781,23272
2026-08-11 12:25:00-04:00,331.7590026855469,331.8999938964844,331.5299987792969,331.8450012207031,49429
2026-08-11 12:26:00-04:00,331.57501220703125,331.7749938964844,331.4599914550781,331.7554016113281,80031
2026-08-11 12:27:00-04:00,331.5899963378906,331.6199951171875,331.3599853515625,331.57501220703125,43193
2026-08-11 12:28:00-04:00,331.42999267578125,331.6199951171875,331.2699890136719,331.5950012207031,62149
2026-08-11 12:29:00-04:00,331.52508544921875,331.54998779296875,331.32000732421875,331.4049987792969,41625
2026-08-11 12:30:00-04:00,331.989990234375,332.0299987792969,331.46099853515625,331.510009765625,62950
2026-08-11 12:31:00-04:00,331.69000244140625,331.989990234375,331.6600036621094,331.95001220703125,29967
2026-08-11 12:32:00-04:00,331.65869140625,331.7203063964844,331.5700988769531,331.65008544921875,18037
2026-08-11 12:33:00-04:00,331.3399963378906,331.69000244140625,331.2799987792969,331.67498779296875,40770
2026-08-11 12:34:00-04:00,331.4599914550781,331.5611877441406,331.3100891113281,331.35321044921875,21774
2026-08-11 12:35:00-04:00,331.7099914550781,331.82501220703125,331.4283142089844,331.4898986816406,37454
2026-08-11 12:36:00-04:00,331.8999938964844,332.0,331.6700134277344,331.7099914550781,27307
2026-08-11 12:37:00-04:00,332.0450134277344,332.0899963378906,331.8782958984375,331.8999938964844,33386
2026-08-11 12:38:00-04:00,331.8900146484375,332.07000732421875,331.8599853515625,332.0299987792969,172336
2026-08-11 12:39:00-04:00,331.9100036621094,331.9700012207031,331.8100891113281,331.8999938964844,20803
2026-08-11 12:40:00-04:00,331.9100036621094,332.04998779296875,331.8599853515625,331.948486328125,33104
2026-08-11 12:41:00-04:00,331.739990234375,332.0299987792969,331.7099914550781,331.8800048828125,23212
2026-08-11 12:42:00-04:00,331.8500061035156,331.95989990234375,331.7334899902344,331.78399658203125,21698
2026-08-11 12:43:00-04:00,331.5899963378906,331.8999938964844,331.5899963378906,331.8550109863281,38074
2026-08-11 12:44:00-04:00,331.61590576171875,331.7099914550781,331.54998779296875,331.635009765625,23567
2026-08-11 12:45:00-04:00,331.69000244140625,331.7200012207031,331.3299865722656,331.5899963378906,42757
2026-08-11 12:46:00-04:00,331.6099853515625,331.80999755859375,331.5799865722656,331.67999267578125,23854
2026-08-11 12:47:00-04:00,331.6600036621094,331.7699890136719,331.60009765625,331.6099853515625,9253
2026-08-11 12:48:00-04:00,331.614990234375,331.80999755859375,331.5199890136719,331.6700134277344,13852
2026-08-11 12:49:00-04:00,331.8399963378906,331.8500061035156,331.5799865722656,331.6494140625,24560
2026-08-11 12:50:00-04:00,331.909912109375,331.94989013671875,331.7799987792969,331.8699951171875,16858
2026-08-11 12:51:00-04:00,332.0199890136719,332.0299987792969,331.80999755859375,331.8399963378906,22114
2026-08-11 12:52:00-04:00,331.9100036621094,332.0216064453125,331.8299865722656,332.0216064453125,17481
2026-08-11 12:53:00-04:00,331.8684997558594,331.9599914550781,331.80999755859375,331.8800048828125,17717
2026-08-11 12:54:00-04:00,331.94049072265625,331.98309326171875,331.8299865722656,331.83050537109375,14637
2026-08-11 12:55:00-04:00,331.8800048828125,331.9898986816406,331.8599853515625,331.92999267578125,10634
2026-08-11 12:56:00-04:00,331.8550109863281,331.9599914550781,331.80999755859375,331.8800048828125,10736
2026-08-11 12:57:00-04:00,331.8550109863281,331.8999938964844,331.739990234375,331.840087890625,18712
2026-08-11 12:58:00-04:00,331.9200134277344,332.04998779296875,331.7699890136719,331.7900085449219,18266
2026-08-11 12:59:00-04:00,331.9627990722656,332.0415954589844,331.87359619140625,331.8800048828125,14087
2026-08-11 13:00:00-04:00,331.7799987792969,332.18951416015625,331.7799987792969,332.0,35101
2026-08-11 13:01:00-04:00,331.7300109863281,331.8999938964844,331.6499938964844,331.79998779296875,25811
2026-08-11 13:02:00-04:00,331.5450134277344,331.84100341796875,331.5,331.7300109863281,36633
2026-08-11 13:03:00-04:00,331.57000732421875,331.6300048828125,331.489990234375,331.510009765625,21680
2026-08-11 13:04:00-04:00,331.375,331.6400146484375,331.3500061035156,331.5799865722656,21367
2026-08-11 13:05:00-04:00,331.3800048828125,331.45001220703125,331.2601013183594,331.3550109863281,42536
2026-08-11 13:06:00-04:00,331.6199951171875,331.6899108886719,331.3399963378906,331.3399963378906,23910
2026-08-11 13:07:00-04:00,331.625,331.69000244140625,331.54901123046875,331.6549987792969,10046
2026-08-11 13:08:00-04:00,331.70001220703125,331.75,331.6000061035156,331.625,15983
2026-08-11 13:09:00-04:00,331.625,331.7300109863281,331.5199890136719,331.6700134277344,14741
2026-08-11 13:10:00-04:00,331.6400146484375,331.6449890136719,331.5,331.6449890136719,13142
2026-08-11 13:11:00-04:00,331.45001220703125,331.6700134277344,331.3700866699219,331.6400146484375,23450
2026-08-11 13:12:00-04:00,331.3999938964844,331.53948974609375,331.29998779296875,331.53948974609375,24163
2026-08-11 13:13:00-04:00,331.3800048828125,331.44000244140625,331.30999755859375,331.3299865722656,15608
2026-08-11 13:14:00-04:00,331.29998779296875,331.45001220703125,331.2200012207031,331.3999938964844,51672
2026-08-11 13:15:00-04:00,331.4700012207031,331.54998779296875,331.2799987792969,331.2799987792969,20658
2026-08-11 13:16:00-04:00,331.5299987792969,331.6216125488281,331.4049987792969,331.4999084472656,21125
2026-08-11 13:17:00-04:00,331.5400085449219,331.69000244140625,331.5,331.5350036621094,20780
2026-08-11 13:18:00-04:00,331.6700134277344,331.7499084472656,331.54010009765625,331.55499267578125,24004
2026-08-11 13:19:00-04:00,331.5199890136719,331.80999755859375,331.4949951171875,331.67498779296875,28693
2026-08-11 13:20:00-04:00,331.6099853515625,331.760009765625,331.4801025390625,331.5065002441406,16502
2026-08-11 13:21:00-04:00,331.8399963378906,331.8800048828125,331.4800109863281,331.6099853515625,24063
2026-08-11 13:22:00-04:00,331.7112121582031,331.8800048828125,331.5899963378906,331.8800048828125,14158
2026-08-11 13:23:00-04:00,331.7349853515625,331.7998962402344,331.6099853515625,331.70001220703125,12258
2026-08-11 13:24:00-04:00,332.0050048828125,332.04998779296875,331.7349853515625,331.760009765625,30052
2026-08-11 13:25:00-04:00,331.89990234375,332.1600036621094,331.7900085449219,332.0050048828125,28750
2026-08-11 13:26:00-04:00,331.92999267578125,331.94000244140625,331.79998779296875,331.8500061035156,33510
2026-08-11 13:27:00-04:00,331.7300109863281,331.94989013671875,331.7099914550781,331.92999267578125,14860
2026-08-11 13:28:00-04:00,331.8550109863281,331.89990234375,331.6700134277344,331.7850036621094,20296
2026-08-11 13:29:00-04:00,331.8380126953125,331.9800109863281,331.80999755859375,331.8507995605469,10388
2026-08-11 13:30:00-04:00,331.9599914550781,332.0498962402344,331.8200988769531,331.8599853515625,16300
2026-08-11 13:31:00-04:00,331.9100036621094,332.09979248046875,331.8699951171875,332.0,15175
2026-08-11 13:32:00-04:00,331.9200134277344,332.0863952636719,331.8599853515625,331.87060546875,22826
2026-08-11 13:33:00-04:00,331.8599853515625,332.0487060546875,331.8349914550781,331.9200134277344,16705
2026-08-11 13:34:00-04:00,331.8399963378906,331.9299011230469,331.82000732421875,331.8529052734375,15477
2026-08-11 13:35:00-04:00,331.8999938964844,332.04180908203125,331.8500061035156,331.8800048828125,19511
2026-08-11 13:36:00-04:00,331.8599853515625,332.0,331.8500061035156,331.9200134277344,18103
2026-08-11 13:37:00-04:00,331.7900085449219,331.9100036621094,331.70001220703125,331.875,21512
2026-08-11 13:38:00-04:00,331.6521911621094,331.8299865722656,331.6499938964844,331.7900085449219,18792
2026-08-11 13:39:00-04:00,331.5899963378906,331.68499755859375,331.5,331.6499938964844,22794
2026-08-11 13:40:00-04:00,331.6980895996094,331.70989990234375,331.53240966796875,331.5899963378906,15393
2026-08-11 13:41:00-04:00,331.80938720703125,331.8263854980469,331.54998779296875,331.68499755859375,19349
2026-08-11 13:42:00-04:00,331.9303894042969,332.0,331.739990234375,331.739990234375,21749
2026-08-11 13:43:00-04:00,331.92999267578125,332.0,331.9100036621094,331.92999267578125,11284
2026-08-11 13:44:00-04:00,331.8970031738281,331.9585876464844,331.86700439453125,331.8999938964844,14361
2026-08-11 13:45:00-04:00,331.7799987792969,331.8900146484375,331.7099914550781,331.875,14720
2026-08-11 13:46:00-04:00,331.7749938964844,331.8810119628906,331.6632080078125,331.7576904296875,12519
2026-08-11 13:47:00-04:00,331.8699951171875,331.87908935546875,331.7300109863281,331.7699890136719,14697
2026-08-11 13:48:00-04:00,331.80499267578125,331.9200134277344,331.78009033203125,331.8900146484375,15867
2026-08-11 13:49:00-04:00,331.6712951660156,331.82000732421875,331.6300048828125,331.82000732421875,20110
2026-08-11 13:50:00-04:00,332.07501220703125,332.20001220703125,331.68499755859375,331.68499755859375,27193
2026-08-11 13:51:00-04:00,331.94500732421875,332.0899963378906,331.9200134277344,332.07000732421875,11989
2026-08-11 13:52:00-04:00,332.06170654296875,332.1098937988281,331.9200134277344,331.9200134277344,11823
2026-08-11 13:53:00-04:00,332.04998779296875,332.07989501953125,331.989990234375,332.010009765625,14731
2026-08-11 13:54:00-04:00,332.0614929199219,332.1000061035156,332.0,332.07000732421875,15883
2026-08-11 13:55:00-04:00,331.9208984375,332.0799865722656,331.9200134277344,332.0,21425
2026-08-11 13:56:00-04:00,331.8399963378906,331.9200134277344,331.79998779296875,331.9200134277344,20092
2026-08-11 13:57:00-04:00,331.8388977050781,331.8699951171875,331.739990234375,331.8299865722656,15815
2026-08-11 13:58:00-04:00,331.75,331.8999938964844,331.7099914550781,331.80499267578125,13333
2026-08-11 13:59:00-04:00,331.94000244140625,332.0400085449219,331.6700134277344,331.7099914550781,19952
2026-08-11 14:00:00-04:00,331.8450012207031,331.9700012207031,331.760009765625,331.94500732421875,13536
2026-08-11 14:01:00-04:00,331.7300109863281,331.8349914550781,331.70001220703125,331.80999755859375,12681
2026-08-11 14:02:00-04:00,331.7349853515625,331.82000732421875,331.7005920410156,331.7005920410156,14112
2026-08-11 14:03:00-04:00,331.8500061035156,331.92999267578125,331.7200012207031,331.739990234375,12767
2026-08-11 14:04:00-04:00,331.8677062988281,331.909912109375,331.7099914550781,331.909912109375,13711
2026-08-11 14:05:00-04:00,331.81451416015625,331.95001220703125,331.739990234375,331.82501220703125,12299
2026-08-11 14:06:00-04:00,331.6549987792969,331.8299865722656,331.5799865722656,331.82501220703125,23120
2026-08-11 14:07:00-04:00,331.6700134277344,331.7200012207031,331.6000061035156,331.60009765625,9192
2026-08-11 14:08:00-04:00,331.7300109863281,331.75,331.6499938964844,331.6700134277344,12878
2026-08-11 14:09:00-04:00,331.7799987792969,331.8800048828125,331.7300109863281,331.7300109863281,11635
2026-08-11 14:10:00-04:00,331.8299865722656,331.8500061035156,331.7099914550781,331.80499267578125,7138
2026-08-11 14:11:00-04:00,331.8951110839844,331.92999267578125,331.8133850097656,331.8349914550781,10218
2026-08-11 14:12:00-04:00,332.1499938964844,332.2200012207031,331.9200134277344,331.9200134277344,38273
2026-08-11 14:13:00-04:00,332.2200012207031,332.3482971191406,332.1650085449219,332.20001220703125,33268
2026-08-11 14:14:00-04:00,332.3299865722656,332.4200134277344,332.20001220703125,332.20001220703125,22630
2026-08-11 14:15:00-04:00,332.2799987792969,332.5199890136719,332.2650146484375,332.3299865722656,34354
2026-08-11 14:16:00-04:00,332.2650146484375,332.3099060058594,332.1400146484375,332.29998779296875,22201
2026-08-11 14:17:00-04:00,332.2799987792969,332.3699951171875,332.2001037597656,332.260009765625,10916
2026-08-11 14:18:00-04:00,332.2898864746094,332.29998779296875,332.20001220703125,332.2900085449219,19267
2026-08-11 14:19:00-04:00,332.31500244140625,332.44000244140625,332.260009765625,332.2900085449219,21268
2026-08-11 14:20:00-04:00,332.2051086425781,332.3550109863281,332.17138671875,332.31500244140625,17511
2026-08-11 14:21:00-04:00,331.93499755859375,332.190185546875,331.860107421875,332.190185546875,33441
2026-08-11 14:22:00-04:00,332.0199890136719,332.1000061035156,331.92999267578125,331.968994140625,11941
2026-08-11 14:23:00-04:00,331.9700012207031,332.05999755859375,331.95001220703125,331.989990234375,13382
2026-08-11 14:24:00-04:00,332.0150146484375,332.0400085449219,331.8699951171875,331.9700012207031,12669
2026-08-11 14:25:00-04:00,331.92999267578125,332.04998779296875,331.8299865722656,332.03900146484375,17344
2026-08-11 14:26:00-04:00,331.70001220703125,331.94000244140625,331.6700134277344,331.8800048828125,18882
2026-08-11 14:27:00-04:00,331.0,331.739990234375,330.8299865722656,331.7090148925781,117585
2026-08-11 14:28:00-04:00,330.8399963378906,331.09991455078125,330.70001220703125,330.9599914550781,111273
2026-08-11 14:29:00-04:00,330.7200012207031,330.96990966796875,330.4100036621094,330.79998779296875,59170
2026-08-11 14:30:00-04:00,330.7049865722656,330.84991455078125,330.6050109863281,330.68609619140625,39470
2026-08-11 14:31:00-04:00,331.0343933105469,331.1000061035156,330.6700134277344,330.6700134277344,32088
2026-08-11 14:32:00-04:00,331.2699890136719,331.32000732421875,330.9501037597656,331.07000732421875,34674
2026-08-11 14:33:00-04:00,331.19000244140625,331.32000732421875,331.0899963378906,331.2699890136719,27164
2026-08-11 14:34:00-04:00,331.2283935546875,331.32000732421875,331.16009521484375,331.1611022949219,27380
2026-08-11 14:35:00-04:00,331.25,331.29998779296875,331.20001220703125,331.2300109863281,29278
2026-08-11 14:36:00-04:00,331.3999938964844,331.4093933105469,331.2300109863281,331.25,28785
2026-08-11 14:37:00-04:00,331.364990234375,331.6400146484375,331.3399963378906,331.3900146484375,38628
2026-08-11 14:38:00-04:00,331.2149963378906,331.3900146484375,331.1700134277344,331.364990234375,42667
2026-08-11 14:39:00-04:00,331.114990234375,331.2900085449219,331.0799865722656,331.25,27164
2026-08-11 14:40:00-04:00,331.0849914550781,331.2099914550781,331.0299987792969,331.114990234375,21194
2026-08-11 14:41:00-04:00,330.8688049316406,331.1099853515625,330.80999755859375,331.0849914550781,27278
2026-08-11 14:42:00-04:00,331.33990478515625,331.33990478515625,330.79998779296875,330.8399963378906,61275
2026-08-11 14:43:00-04:00,331.6133117675781,331.6173095703125,331.2283935546875,331.29998779296875,40234
2026-08-11 14:44:00-04:00,331.4649963378906,331.7300109863281,331.4100036621094,331.6000061035156,39960
2026-08-11 14:45:00-04:00,331.6700134277344,331.7200012207031,331.4750061035156,331.4750061035156,29881
2026-08-11 14:46:00-04:00,331.7300109863281,331.7900085449219,331.6499938964844,331.6700134277344,22135
2026-08-11 14:47:00-04:00,331.7149963378906,331.8500061035156,331.6400146484375,331.7099914550781,22452
2026-08-11 14:48:00-04:00,331.8399963378906,331.84991455078125,331.6099853515625,331.7200012207031,16383
2026-08-11 14:49:00-04:00,332.0613098144531,332.1000061035156,331.7601013183594,331.8349914550781,25497
2026-08-11 14:50:00-04:00,331.95001220703125,332.097412109375,331.9100036621094,332.07501220703125,21691
2026-08-11 14:51:00-04:00,331.9501953125,332.0799865722656,331.8999938964844,331.968505859375,20600
2026-08-11 14:52:00-04:00,331.9800109863281,332.0599060058594,331.8800964355469,331.9649963378906,34491
2026-08-11 14:53:00-04:00,331.8804016113281,332.0400085449219,331.8399963378906,332.010009765625,13993
2026-08-11 14:54:00-04:00,331.8399963378906,331.94000244140625,331.82000732421875,331.8949890136719,24543
2026-08-11 14:55:00-04:00,331.8200988769531,331.8900146484375,331.7699890136719,331.8599853515625,13973
2026-08-11 14:56:00-04:00,331.8800048828125,331.91351318359375,331.7950134277344,331.8399963378906,16731
2026-08-11 14:57:00-04:00,331.9599914550781,332.010009765625,331.82000732421875,331.8800048828125,30474
2026-08-11 14:58:00-04:00,331.95001220703125,331.9700012207031,331.8999938964844,331.9200134277344,7883
2026-08-11 14:59:00-04:00,332.0199890136719,332.1700134277344,331.94000244140625,331.9700012207031,52767
2026-08-11 15:00:00-04:00,332.04998779296875,332.2099914550781,331.97100830078125,332.0498962402344,45878
2026-08-11 15:01:00-04:00,331.9649963378906,332.1499938964844,331.92999267578125,332.04998779296875,17795
2026-08-11 15:02:00-04:00,332.05499267578125,332.1000061035156,331.9649963378906,331.9649963378906,14054
2026-08-11 15:03:00-04:00,332.17840576171875,332.2099914550781,332.0791931152344,332.0791931152344,24940
2026-08-11 15:04:00-04:00,332.3900146484375,332.45001220703125,332.1400146484375,332.1650085449219,76234
2026-08-11 15:05:00-04:00,332.1199951171875,332.45001220703125,332.1199951171875,332.4100036621094,31158
2026-08-11 15:06:00-04:00,331.7799987792969,332.1700134277344,331.760009765625,332.1200866699219,63080
2026-08-11 15:07:00-04:00,331.5400085449219,331.760009765625,331.5199890136719,331.760009765625,29404
2026-08-11 15:08:00-04:00,331.6199951171875,331.8299865722656,331.5199890136719,331.57989501953125,28735
2026-08-11 15:09:00-04:00,331.6600036621094,331.69000244140625,331.54998779296875,331.614990234375,17494
2026-08-11 15:10:00-04:00,331.66009521484375,331.7799987792969,331.55999755859375,331.6600036621094,32443
2026-08-11 15:11:00-04:00,331.75,331.7900085449219,331.6600036621094,331.67999267578125,29064
2026-08-11 15:12:00-04:00,331.75,331.8699951171875,331.7300109863281,331.75,19567
2026-08-11 15:13:00-04:00,332.25,332.2882080078125,331.7099914550781,331.7334899902344,43052
2026-08-11 15:14:00-04:00,332.2301025390625,332.3599853515625,332.1759948730469,332.25,27228
2026-08-11 15:15:00-04:00,332.2099914550781,332.32000732421875,332.10101318359375,332.31500244140625,17512
2026-08-11 15:16:00-04:00,332.30120849609375,332.3800048828125,332.18701171875,332.2099914550781,17536
2026-08-11 15:17:00-04:00,332.3299865722656,332.3999938964844,332.25,332.2900085449219,20111
2026-08-11 15:18:00-04:00,332.3500061035156,332.4599914550781,332.2699890136719,332.3312072753906,19072
2026-08-11 15:19:00-04:00,332.3450012207031,332.4200134277344,332.2200012207031,332.3900146484375,29585
2026-08-11 15:20:00-04:00,332.4849853515625,332.54998779296875,332.3900146484375,332.3900146484375,36675
2026-08-11 15:21:00-04:00,332.4549865722656,332.5,332.3299865722656,332.4849853515625,19566
2026-08-11 15:22:00-04:00,332.3500061035156,332.5199890136719,332.2900085449219,332.4549865722656,29404
2026-08-11 15:23:00-04:00,332.32000732421875,332.4798889160156,332.29998779296875,332.3893127441406,19700
2026-08-11 15:24:00-04:00,332.3699951171875,332.44000244140625,332.3299865722656,332.3299865722656,23110
2026-08-11 15:25:00-04:00,332.19500732421875,332.3900146484375,332.1300048828125,332.3699951171875,24459
2026-08-11 15:26:00-04:00,332.31500244140625,332.31500244140625,332.1600036621094,332.1700134277344,16045
2026-08-11 15:27:00-04:00,332.3999938964844,332.6000061035156,332.2699890136719,332.3299865722656,26119
2026-08-11 15:28:00-04:00,332.4100036621094,332.4281005859375,332.29998779296875,332.3900146484375,15568
2026-08-11 15:29:00-04:00,331.94500732421875,332.4100036621094,331.9100036621094,332.3900146484375,37265
2026-08-11 15:30:00-04:00,332.07000732421875,332.19500732421875,331.94500732421875,331.94500732421875,31435
2026-08-11 15:31:00-04:00,332.2149963378906,332.2366943359375,332.0400085449219,332.08990478515625,30878
2026-08-11 15:32:00-04:00,332.5199890136719,332.760009765625,332.17999267578125,332.19000244140625,69170
2026-08-11 15:33:00-04:00,332.4599914550781,332.5899963378906,332.42999267578125,332.4599914550781,29411
2026-08-11 15:34:00-04:00,332.7300109863281,332.7300109863281,332.50048828125,332.5299987792969,36454
2026-08-11 15:35:00-04:00,332.55499267578125,332.7799987792969,332.5,332.7300109863281,40032
2026-08-11 15:36:00-04:00,332.54998779296875,332.55999755859375,332.42999267578125,332.547607421875,32501
2026-08-11 15:37:00-04:00,332.6700134277344,332.67999267578125,332.5299987792969,332.54998779296875,28724
2026-08-11 15:38:00-04:00,332.79998779296875,332.8399963378906,332.6400146484375,332.6499938964844,24449
2026-08-11 15:39:00-04:00,332.9700012207031,333.0347900390625,332.7799987792969,332.79998779296875,81398
2026-08-11 15:40:00-04:00,332.5400085449219,333.0,332.45001220703125,332.9599914550781,85743
2026-08-11 15:41:00-04:00,332.6499938964844,332.6600036621094,332.4501037597656,332.5199890136719,46418
2026-08-11 15:42:00-04:00,332.3900146484375,332.67999267578125,332.3900146484375,332.6300048828125,53675
2026-08-11 15:43:00-04:00,332.3699951171875,332.4574890136719,332.29998779296875,332.385009765625,24008
2026-08-11 15:44:00-04:00,332.2699890136719,332.3900146484375,332.20001220703125,332.3500061035156,24024
2026-08-11 15:45:00-04:00,331.80499267578125,332.2900085449219,331.7650146484375,332.2799987792969,48312
2026-08-11 15:46:00-04:00,331.8299865722656,331.8900146484375,331.6499938964844,331.80999755859375,27772
2026-08-11 15:47:00-04:00,331.7300109863281,331.8429870605469,331.5799865722656,331.82501220703125,36849
2026-08-11 15:48:00-04:00,331.8999938964844,331.9200134277344,331.67999267578125,331.7019958496094,43622
2026-08-11 15:49:00-04:00,331.9949951171875,332.0299987792969,331.8796081542969,331.8900146484375,22426
2026-08-11 15:50:00-04:00,332.07000732421875,332.07989501953125,331.7300109863281,332.0400085449219,53406
2026-08-11 15:51:00-04:00,331.92999267578125,332.1000061035156,331.9200134277344,332.0315856933594,31091
2026-08-11 15:52:00-04:00,331.8949890136719,331.9949951171875,331.8900146484375,331.92999267578125,38674
2026-08-11 15:53:00-04:00,332.05999755859375,332.1499938964844,331.8800048828125,331.8800048828125,52402
2026-08-11 15:54:00-04:00,332.4599914550781,332.4599914550781,332.0299987792969,332.0799865722656,79892
2026-08-11 15:55:00-04:00,332.5799865722656,332.8500061035156,332.4200134277344,332.4200134277344,124256
2026-08-11 15:56:00-04:00,332.3599853515625,332.6300048828125,332.3599853515625,332.55999755859375,79163
2026-08-11 15:57:00-04:00,332.4700012207031,332.6400146484375,332.2799987792969,332.3900146484375,101455
2026-08-11 15:58:00-04:00,332.8900146484375,332.8999938964844,332.3999938964844,332.5199890136719,190194
2026-08-11 15:59:00-04:00,332.7699890136719,332.9200134277344,332.5400085449219,332.8999938964844,351202
2026-08-12 09:30:00-04:00,334.0050048828125,335.5,333.3299865722656,335.0,979960
2026-08-12 09:31:00-04:00,331.8500061035156,334.3999938964844,331.70001220703125,334.0292053222656,265813
2026-08-12 09:32:00-04:00,331.45001220703125,332.2099914550781,331.20001220703125,331.79998779296875,183163
2026-08-12 09:33:00-04:00,331.2650146484375,331.5,330.7699890136719,331.30999755859375,187274
2026-08-12 09:34:00-04:00,330.25,331.6400146484375,330.25,331.2650146484375,165049
2026-08-12 09:35:00-04:00,330.3617858886719,330.70989990234375,329.9200134277344,330.239990234375,252488
2026-08-12 09:36:00-04:00,330.9200134277344,331.239990234375,329.94549560546875,330.385009765625,171281
2026-08-12 09:37:00-04:00,330.64691162109375,331.1600036621094,330.3999938964844,330.8800048828125,128542
2026-08-12 09:38:00-04:00,330.3450012207031,331.08990478515625,330.2300109863281,330.6650085449219,107455
2026-08-12 09:39:00-04:00,330.64801025390625,330.6600036621094,330.2099914550781,330.30999755859375,76691
2026-08-12 09:40:00-04:00,330.04998779296875,330.7298889160156,329.6000061035156,330.6199951171875,175753
2026-08-12 09:41:00-04:00,330.17498779296875,330.3800048828125,330.0199890136719,330.07000732421875,89332
2026-08-12 09:42:00-04:00,329.4700012207031,330.5,329.239990234375,330.17999267578125,165281
2026-08-12 09:43:00-04:00,329.4100036621094,329.8699951171875,329.1419982910156,329.5398864746094,127280
2026-08-12 09:44:00-04:00,329.3900146484375,329.55999755859375,329.05999755859375,329.4399108886719,109517
2026-08-12 09:45:00-04:00,329.7200012207031,329.95001220703125,329.1099853515625,329.3599853515625,152942
2026-08-12 09:46:00-04:00,329.55499267578125,329.7900085449219,328.9599914550781,329.7250061035156,161551
2026-08-12 09:47:00-04:00,329.2583923339844,329.7900085449219,329.07000732421875,329.5985107421875,101872
2026-08-12 09:48:00-04:00,330.1099853515625,330.20001220703125,329.1600036621094,329.2449951171875,182882
2026-08-12 09:49:00-04:00,329.2900085449219,330.1400146484375,329.2900085449219,330.0849914550781,97902
2026-08-12 09:50:00-04:00,328.8450012207031,329.5199890136719,328.75,329.2900085449219,167559
2026-08-12 09:51:00-04:00,328.3399963378906,328.94000244140625,328.25,328.79998779296875,184369
2026-08-12 09:52:00-04:00,328.2099914550781,328.6300048828125,328.04998779296875,328.3949890136719,161221
2026-08-12 09:53:00-04:00,327.8500061035156,328.32000732421875,327.739990234375,328.2300109863281,168974
2026-08-12 09:54:00-04:00,327.7799987792969,328.16900634765625,327.69000244140625,327.8399963378906,106485
2026-08-12 09:55:00-04:00,327.760009765625,328.0506896972656,327.6600036621094,327.7331848144531,104607
2026-08-12 09:56:00-04:00,327.1400146484375,327.8949890136719,326.9200134277344,327.739990234375,235003
2026-08-12 09:57:00-04:00,327.7900085449219,327.94000244140625,327.0799865722656,327.1300048828125,157955
2026-08-12 09:58:00-04:00,327.7300109863281,327.96258544921875,327.3999938964844,327.75,100515
2026-08-12 09:59:00-04:00,328.05828857421875,328.1899108886719,327.57000732421875,327.69500732421875,109575
2026-08-12 10:00:00-04:00,327.43499755859375,328.0450134277344,327.3500061035156,328.0450134277344,119799
2026-08-12 10:01:00-04:00,327.25,327.4800109863281,326.95001220703125,327.42498779296875,122080
2026-08-12 10:02:00-04:00,327.5400085449219,327.6600036621094,326.8299865722656,327.260009765625,140171
2026-08-12 10:03:00-04:00,327.3500061035156,327.6899108886719,327.30999755859375,327.57000732421875,75232
2026-08-12 10:04:00-04:00,327.1650085449219,327.42999267578125,327.0799865722656,327.39801025390625,82427
2026-08-12 10:05:00-04:00,327.25,327.4993896484375,327.02410888671875,327.15008544921875,66811
2026-08-12 10:06:00-04:00,327.4100036621094,327.62969970703125,327.20001220703125,327.29998779296875,77599
2026-08-12 10:07:00-04:00,327.6151123046875,327.8599853515625,327.42388916015625,327.42999267578125,83735
2026-08-12 10:08:00-04:00,327.75,327.95989990234375,327.45001220703125,327.6195068359375,98920
2026-08-12 10:09:00-04:00,328.1300048828125,328.1300048828125,327.6499938964844,327.75,74372
2026-08-12 10:10:00-04:00,328.05999755859375,328.1700134277344,327.8699951171875,328.05999755859375,94463
2026-08-12 10:11:00-04:00,328.0,328.3399963378906,327.9100036621094,328.1199035644531,104579
2026-08-12 10:12:00-04:00,327.8100891113281,328.010009765625,327.3399963378906,328.010009765625,130500
2026-08-12 10:13:00-04:00,327.6199951171875,328.0,327.5299987792969,327.8215026855469,57031
2026-08-12 10:14:00-04:00,327.5199890136719,327.92559814453125,327.3671875,327.6499938964844,66900
2026-08-12 10:15:00-04:00,327.6260070800781,327.8099060058594,327.510009765625,327.510009765625,51928
2026-08-12 10:16:00-04:00,327.4549865722656,327.7699890136719,327.42999267578125,327.5899963378906,65501
2026-08-12 10:17:00-04:00,327.4700012207031,327.5799865722656,327.1400146484375,327.4549865722656,69564
2026-08-12 10:18:00-04:00,327.3999938964844,327.75,327.2500915527344,327.4800109863281,73225
2026-08-12 10:19:00-04:00,327.0105895996094,327.4200134277344,326.9700012207031,327.3922119140625,104483
2026-08-12 10:20:00-04:00,327.0274963378906,327.2463073730469,326.6700134277344,327.0350036621094,194165
2026-08-12 10:21:00-04:00,327.1400146484375,327.2998962402344,326.7770080566406,326.989990234375,59597
2026-08-12 10:22:00-04:00,327.67498779296875,328.0400085449219,327.07000732421875,327.1300964355469,117654
2026-08-12 10:23:00-04:00,327.5849914550781,327.8699951171875,327.3800964355469,327.6700134277344,50511
2026-08-12 10:24:00-04:00,327.340087890625,327.6499938964844,327.2200012207031,327.5950012207031,57962
2026-08-12 10:25:00-04:00,327.0119934082031,327.44110107421875,326.7799987792969,327.4198913574219,76354
2026-08-12 10:26:00-04:00,326.6600036621094,327.05999755859375,326.3302001953125,327.0,158709
2026-08-12 10:27:00-04:00,326.3900146484375,326.79998779296875,326.06878662109375,326.7142028808594,139704
2026-08-12 10:28:00-04:00,326.0450134277344,326.46240234375,325.9200134277344,326.4299011230469,145603
2026-08-12 10:29:00-04:00,325.5849914550781,326.1099853515625,325.44000244140625,326.06500244140625,210209
2026-08-12 10:30:00-04:00,325.1698913574219,325.69000244140625,325.0299987792969,325.5849914550781,180313
2026-08-12 10:31:00-04:00,325.36920166015625,325.5,324.4599914550781,325.1755065917969,341087
2026-08-12 10:32:00-04:00,325.05499267578125,325.6099853515625,324.95001220703125,325.3117980957031,131692
2026-08-12 10:33:00-04:00,325.2449951171875,325.4800109863281,325.0299987792969,325.05499267578125,98298
2026-08-12 10:34:00-04:00,324.8399963378906,325.2300109863281,324.6499938964844,325.20001220703125,130771
2026-08-12 10:35:00-04:00,324.239990234375,324.8500061035156,324.239990234375,324.8500061035156,148254
2026-08-12 10:36:00-04:00,324.70989990234375,324.8900146484375,324.1400146484375,324.239990234375,144553
2026-08-12 10:37:00-04:00,324.9200134277344,325.1400146484375,324.6505126953125,324.739990234375,114903
2026-08-12 10:38:00-04:00,324.8900146484375,325.0799865722656,324.79998779296875,324.9200134277344,63383
2026-08-12 10:39:00-04:00,324.9200134277344,324.9200134277344,324.68121337890625,324.8999938964844,80388
2026-08-12 10:40:00-04:00,324.9700012207031,325.0299987792969,324.70001220703125,324.9200134277344,60226
2026-08-12 10:41:00-04:00,324.82501220703125,325.2799987792969,324.6000061035156,325.0,136975
2026-08-12 10:42:00-04:00,325.2200012207031,325.2799987792969,324.793212890625,324.82000732421875,67872
2026-08-12 10:43:00-04:00,324.9949951171875,325.260009765625,324.8999938964844,325.2200012207031,81470
2026-08-12 10:44:00-04:00,325.07000732421875,325.16119384765625,324.9717102050781,325.0221862792969,53512
2026-08-12 10:45:00-04:00,324.7486877441406,325.17999267578125,324.70001220703125,325.1000061035156,88034
2026-08-12 10:46:00-04:00,325.0,325.1000061035156,324.7463073730469,324.760009765625,81039
2026-08-12 10:47:00-04:00,324.3599853515625,325.0498962402344,324.32000732421875,324.9704895019531,95314
2026-08-12 10:48:00-04:00,324.3450012207031,324.6499938964844,324.29998779296875,324.368408203125,53967
2026-08-12 10:49:00-04:00,324.6549987792969,324.7298889160156,324.25,324.33221435546875,77144
2026-08-12 10:50:00-04:00,324.3450012207031,324.6723937988281,324.1400146484375,324.6723937988281,75955
2026-08-12 10:51:00-04:00,323.9549865722656,324.3927001953125,323.8399963378906,324.29998779296875,121357
2026-08-12 10:52:00-04:00,324.0899963378906,324.1632995605469,323.760009765625,323.9549865722656,107797
2026-08-12 10:53:00-04:00,324.4800109863281,324.510009765625,323.8699951171875,324.1000061035156,240982
2026-08-12 10:54:00-04:00,323.8800048828125,324.4844970703125,323.8599853515625,324.4200134277344,58369
2026-08-12 10:55:00-04:00,323.7680969238281,324.08990478515625,323.7300109863281,323.8900146484375,101455
2026-08-12 10:56:00-04:00,323.9100036621094,324.0299987792969,323.70001220703125,323.7749938964844,60773
2026-08-12 10:57:00-04:00,324.135009765625,324.2200012207031,323.864990234375,323.864990234375,66736
2026-08-12 10:58:00-04:00,324.3900146484375,324.4700012207031,324.1099853515625,324.1499938964844,63634
2026-08-12 10:59:00-04:00,324.57501220703125,324.71990966796875,324.2900085449219,324.3900146484375,70039
2026-08-12 11:00:00-04:00,324.6099853515625,324.84991455078125,324.4700012207031,324.5799865722656,98117
2026-08-12 11:01:00-04:00,324.9599914550781,325.0799865722656,324.5299987792969,324.614990234375,104606
2026-08-12 11:02:00-04:00,324.625,325.0,324.510009765625,324.97930908203125,66840
2026-08-12 11:03:00-04:00,324.4150085449219,324.68499755859375,324.3399963378906,324.6449890136719,82274
2026-08-12 11:04:00-04:00,324.6600036621094,324.6899108886719,324.3800048828125,324.4150085449219,30983
2026-08-12 11:05:00-04:00,324.6698913574219,324.6799011230469,324.4700012207031,324.625,32602
2026-08-12 11:06:00-04:00,324.90008544921875,324.9599914550781,324.5299987792969,324.635009765625,51944
2026-08-12 11:07:00-04:00,325.1199951171875,325.1400146484375,324.67999267578125,324.94000244140625,93176
2026-08-12 11:08:00-04:00,325.3699951171875,325.3999938964844,325.0400085449219,325.1199951171875,107608
2026-08-12 11:09:00-04:00,325.364990234375,325.5799865722656,325.2937927246094,325.3257141113281,88540
2026-08-12 11:10:00-04:00,324.875,325.3999938964844,324.8299865722656,325.364990234375,77177
2026-08-12 11:11:00-04:00,324.92498779296875,324.9999084472656,324.70001220703125,324.9100036621094,73597
2026-08-12 11:12:00-04:00,325.2099914550781,325.2200012207031,324.8952941894531,324.9578857421875,53723
2026-08-12 11:13:00-04:00,325.125,325.2900085449219,324.9700927734375,325.2099914550781,38702
2026-08-12 11:14:00-04:00,325.0,325.29998779296875,324.9637145996094,325.125,53916
2026-08-12 11:15:00-04:00,324.86199951171875,325.0199890136719,324.7764892578125,324.9949951171875,43880
2026-08-12 11:16:00-04:00,325.0580139160156,325.1199951171875,324.8534851074219,324.8534851074219,35766
2026-08-12 11:17:00-04:00,325.18499755859375,325.20001220703125,324.9700012207031,325.05999755859375,31602
2026-08-12 11:18:00-04:00,325.04998779296875,325.2099914550781,325.0400085449219,325.1600036621094,39814
2026-08-12 11:19:00-04:00,324.95001220703125,325.06500244140625,324.7987060546875,325.06500244140625,48547
2026-08-12 11:20:00-04:00,324.6449890136719,325.04998779296875,324.6400146484375,324.943603515625,58155
2026-08-12 11:21:00-04:00,324.6499938964844,324.80999755859375,324.5,324.6256103515625,62823
2026-08-12 11:22:00-04:00,324.42999267578125,324.7099914550781,324.4200134277344,324.68499755859375,40888
2026-08-12 11:23:00-04:00,324.239990234375,324.45001220703125,324.2200012207031,324.42999267578125,68259
2026-08-12 11:24:00-04:00,324.18499755859375,324.3500061035156,324.1099853515625,324.2900085449219,72040
2026-08-12 11:25:00-04:00,324.1499938964844,324.3099060058594,324.0799865722656,324.1700134277344,47846
2026-08-12 11:26:00-04:00,324.14990234375,324.1789855957031,323.9800109863281,324.1278076171875,99349
2026-08-12 11:27:00-04:00,324.260009765625,324.32000732421875,324.0201110839844,324.1300048828125,49431
2026-08-12 11:28:00-04:00,324.32989501953125,324.4549865722656,324.1499938964844,324.2550048828125,61174
2026-08-12 11:29:00-04:00,324.36199951171875,324.4599914550781,324.25,324.3900146484375,26616
2026-08-12 11:30:00-04:00,324.2449951171875,324.385009765625,324.1000061035156,324.385009765625,48518
2026-08-12 11:31:00-04:00,323.9849853515625,324.2499084472656,323.9205017089844,324.2099914550781,141550
2026-08-12 11:32:00-04:00,323.8900146484375,324.09991455078125,323.8200988769531,324.010009765625,81010
2026-08-12 11:33:00-04:00,323.68499755859375,324.0400085449219,323.6400146484375,323.93798828125,175398
2026-08-12 11:34:00-04:00,323.8902893066406,323.95001220703125,323.67840576171875,323.7099914550781,59669
2026-08-12 11:35:00-04:00,323.8550109863281,323.9849853515625,323.75,323.9150085449219,48829
2026-08-12 11:36:00-04:00,323.9100036621094,323.95001220703125,323.75,323.8241882324219,38761
2026-08-12 11:37:00-04:00,324.1300048828125,324.1700134277344,323.8800048828125,323.92999267578125,53778
2026-08-12 11:38:00-04:00,324.43499755859375,324.54998779296875,324.0199890136719,324.1499938964844,70739
2026-08-12 11:39:00-04:00,324.42498779296875,324.50030517578125,324.3489074707031,324.4599914550781,35210
2026-08-12 11:40:00-04:00,324.1400146484375,324.45001220703125,324.07000732421875,324.4295959472656,34653
2026-08-12 11:41:00-04:00,324.3399963378906,324.3500061035156,324.04998779296875,324.10369873046875,46325
2026-08-12 11:42:00-04:00,324.5050048828125,324.5400085449219,324.32000732421875,324.3399963378906,64341
2026-08-12 11:43:00-04:00,324.4599914550781,324.53948974609375,324.3800048828125,324.4800109863281,32271
2026-08-12 11:44:00-04:00,324.57000732421875,324.75,324.4599914550781,324.4800109863281,69266
2026-08-12 11:45:00-04:00,324.4649963378906,324.5799865722656,324.3999938964844,324.57000732421875,28952
2026-08-12 11:46:00-04:00,324.5899963378906,324.5899963378906,324.44049072265625,324.5,22326
2026-08-12 11:47:00-04:00,324.6300048828125,324.739990234375,324.510009765625,324.572509765625,28194
2026-08-12 11:48:00-04:00,324.5799865722656,324.6700134277344,324.5101013183594,324.6400146484375,27268
2026-08-12 11:49:00-04:00,325.0350036621094,325.1300048828125,324.54998779296875,324.5849914550781,128134
2026-08-12 11:50:00-04:00,325.2200012207031,325.2300109863281,325.0,325.02398681640625,64440
2026-08-12 11:51:00-04:00,325.2699890136719,325.4800109863281,325.1700134277344,325.2300109863281,99200
2026-08-12 11:52:00-04:00,325.56500244140625,325.57000732421875,325.2001037597656,325.2699890136719,73234
2026-08-12 11:53:00-04:00,325.364990234375,325.6499938964844,325.3299865722656,325.5799865722656,64113
2026-08-12 11:54:00-04:00,325.44000244140625,325.5199890136719,325.3500061035156,325.3699951171875,47076
2026-08-12 11:55:00-04:00,325.54998779296875,325.5899963378906,325.3800048828125,325.42498779296875,38467
2026-08-12 11:56:00-04:00,325.8399963378906,325.9700012207031,325.5,325.5899963378906,126210
2026-08-12 11:57:00-04:00,326.010009765625,326.0899963378906,325.8399963378906,325.8399963378906,94396
2026-08-12 11:58:00-04:00,326.0,326.0899963378906,325.98089599609375,326.0199890136719,70359
2026-08-12 11:59:00-04:00,325.9800109863281,326.0899963378906,325.9599914550781,326.0,61398
2026-08-12 12:00:00-04:00,326.2099914550781,326.3800048828125,325.8999938964844,325.9800109863281,139427
2026-08-12 12:01:00-04:00,326.57000732421875,326.57000732421875,326.239990234375,326.260009765625,89784
2026-08-12 12:02:00-04:00,326.552001953125,326.7799987792969,326.44000244140625,326.54840087890625,130760
2026-08-12 12:03:00-04:00,326.55999755859375,326.6400146484375,326.2099914550781,326.57000732421875,109647
2026-08-12 12:04:00-04:00,326.6549987792969,326.69000244140625,326.55999755859375,326.57000732421875,57218
2026-08-12 12:05:00-04:00,326.4750061035156,326.7799987792969,326.42999267578125,326.6662902832031,77526
2026-08-12 12:06:00-04:00,326.57940673828125,326.6600036621094,326.4071044921875,326.4999084472656,53526
2026-08-12 12:07:00-04:00,326.64990234375,326.6700134277344,326.3500061035156,326.5400085449219,77147
2026-08-12 12:08:00-04:00,326.57501220703125,326.6799011230469,326.4800109863281,326.6099853515625,39761
2026-08-12 12:09:00-04:00,326.4800109863281,326.6700134277344,326.44000244140625,326.57501220703125,63982
2026-08-12 12:10:00-04:00,326.4649963378906,326.5199890136719,326.1600036621094,326.510009765625,71789
2026-08-12 12:11:00-04:00,326.6300048828125,326.69158935546875,326.45361328125,326.45361328125,53610
2026-08-12 12:12:00-04:00,326.4200134277344,326.70001220703125,326.3611145019531,326.6300048828125,29335
2026-08-12 12:13:00-04:00,326.7900085449219,326.8638000488281,326.3999938964844,326.3999938964844,77747
2026-08-12 12:14:00-04:00,326.57000732421875,326.8800048828125,326.57000732421875,326.8067932128906,52184
2026-08-12 12:15:00-04:00,326.3900146484375,326.6416015625,326.3599853515625,326.58599853515625,52360
2026-08-12 12:16:00-04:00,326.3584899902344,326.4700012207031,326.260009765625,326.45001220703125,59855
2026-08-12 12:17:00-04:00,325.9750061035156,326.4100036621094,325.79998779296875,326.3736877441406,86769
2026-08-12 12:18:00-04:00,326.2900085449219,326.3399963378906,325.9100036621094,325.9750061035156,54082
2026-08-12 12:19:00-04:00,326.5331115722656,326.5950012207031,326.2900085449219,326.2900085449219,50350
2026-08-12 12:20:00-04:00,326.5450134277344,326.6700134277344,326.5,326.510009765625,39042
2026-08-12 12:21:00-04:00,326.6199951171875,326.7099914550781,326.4984130859375,326.53900146484375,33454
2026-08-12 12:22:00-04:00,326.7699890136719,326.7900085449219,326.57000732421875,326.6099853515625,37343
2026-08-12 12:23:00-04:00,326.7101135253906,326.8800048828125,326.685302734375,326.7799987792969,49234
2026-08-12 12:24:00-04:00,326.5199890136719,326.74530029296875,326.5,326.7101135253906,36004
2026-08-12 12:25:00-04:00,326.5899963378906,326.6545104980469,326.50189208984375,326.5400085449219,26061
2026-08-12 12:26:00-04:00,326.875,327.0694885253906,326.590087890625,326.6050109863281,69861
2026-08-12 12:27:00-04:00,326.7799987792969,326.9494934082031,326.739990234375,326.9289855957031,34353
2026-08-12 12:28:00-04:00,326.8900146484375,326.89990234375,326.6700134277344,326.7774963378906,35804
2026-08-12 12:29:00-04:00,326.94500732421875,326.9800109863281,326.8048095703125,326.875,32195
2026-08-12 12:30:00-04:00,327.0199890136719,327.0799865722656,326.9200134277344,326.94500732421875,43252
2026-08-12 12:31:00-04:00,326.8599853515625,327.05999755859375,326.7099914550781,327.05999755859375,44606
2026-08-12 12:32:00-04:00,326.85009765625,326.88470458984375,326.7601013183594,326.88470458984375,28592
2026-08-12 12:33:00-04:00,326.9200134277344,326.96990966796875,326.7601013183594,326.8999938964844,32915
2026-08-12 12:34:00-04:00,326.8399963378906,326.94989013671875,326.80999755859375,326.94989013671875,20120
2026-08-12 12:35:00-04:00,326.8599853515625,327.0,326.80999755859375,326.8399963378906,33308
2026-08-12 12:36:00-04:00,326.875,326.96990966796875,326.75,326.9198913574219,27659
2026-08-12 12:37:00-04:00,327.0799865722656,327.1099853515625,326.875,326.875,35985
2026-08-12 12:38:00-04:00,326.8879089355469,327.1000061035156,326.8599853515625,327.1000061035156,30222
2026-08-12 12:39:00-04:00,326.7099914550781,326.94000244140625,326.67999267578125,326.8949890136719,42912
2026-08-12 12:40:00-04:00,326.7618103027344,326.7699890136719,326.6300048828125,326.739990234375,33901
2026-08-12 12:41:00-04:00,326.7300109863281,326.8900146484375,326.70001220703125,326.7300109863281,34752
2026-08-12 12:42:00-04:00,326.7002868652344,326.760009765625,326.57000732421875,326.7300109863281,27949
2026-08-12 12:43:00-04:00,326.54998779296875,326.92999267578125,326.4700012207031,326.7300109863281,56572
2026-08-12 12:44:00-04:00,326.7279968261719,326.7279968261719,326.4601135253906,326.510009765625,37070
2026-08-12 12:45:00-04:00,326.80999755859375,326.91949462890625,326.6600036621094,326.6680908203125,48862
2026-08-12 12:46:00-04:00,326.92999267578125,327.010009765625,326.79998779296875,326.82000732421875,37186
2026-08-12 12:47:00-04:00,326.9800109863281,327.1300048828125,326.8699951171875,326.9200134277344,40862
2026-08-12 12:48:00-04:00,327.0400085449219,327.12799072265625,326.9400939941406,326.9700012207031,46259
2026-08-12 12:49:00-04:00,326.8299865722656,327.1099853515625,326.79998779296875,327.04998779296875,31083
2026-08-12 12:50:00-04:00,326.94000244140625,327.07000732421875,326.8100891113281,326.8299865722656,29540
2026-08-12 12:51:00-04:00,326.95001220703125,327.05999755859375,326.9100036621094,326.9208068847656,28864
2026-08-12 12:52:00-04:00,326.94500732421875,326.9599914550781,326.85009765625,326.94000244140625,27252
2026-08-12 12:53:00-04:00,326.95001220703125,327.1000061035156,326.91009521484375,326.92999267578125,38905
2026-08-12 12:54:00-04:00,326.9750061035156,327.0625,326.95001220703125,326.95599365234375,33930
2026-08-12 12:55:00-04:00,326.9750061035156,327.04998779296875,326.8999938964844,326.9999084472656,27957
2026-08-12 12:56:00-04:00,326.94000244140625,327.0249938964844,326.8699951171875,326.9800109863281,36256
2026-08-12 12:57:00-04:00,326.9849853515625,327.1000061035156,326.95001220703125,326.9700012207031,36382
2026-08-12 12:58:00-04:00,326.9800109863281,327.0899963378906,326.8699951171875,326.9849853515625,33341
2026-08-12 12:59:00-04:00,326.92498779296875,327.010009765625,326.9200134277344,326.9800109863281,24027
2026-08-12 13:00:00-04:00,326.9800109863281,327.010009765625,326.8999938964844,326.92498779296875,32029
2026-08-12 13:01:00-04:00,326.8335876464844,327.0199890136719,326.8287048339844,326.9700012207031,39896
2026-08-12 13:02:00-04:00,326.6600036621094,326.8612060546875,326.6199951171875,326.8599853515625,55134
2026-08-12 13:03:00-04:00,326.5885009765625,326.68170166015625,326.5,326.68170166015625,37382
2026-08-12 13:04:00-04:00,326.81500244140625,326.9700012207031,326.56500244140625,326.57000732421875,37498
2026-08-12 13:05:00-04:00,326.8800048828125,326.94000244140625,326.75,326.7900085449219,22519
2026-08-12 13:06:00-04:00,326.9796142578125,327.0,326.8700866699219,326.9200134277344,25254
2026-08-12 13:07:00-04:00,326.9549865722656,327.20001220703125,326.9320068359375,326.9649963378906,67001
2026-08-12 13:08:00-04:00,326.94500732421875,326.9800109863281,326.85009765625,326.9200134277344,26636
2026-08-12 13:09:00-04:00,326.94500732421875,326.9599914550781,326.8699951171875,326.94000244140625,22039
2026-08-12 13:10:00-04:00,326.96038818359375,327.010009765625,326.8999938964844,326.93499755859375,35393
2026-08-12 13:11:00-04:00,326.75,326.989990234375,326.7200012207031,326.9700012207031,31222
2026-08-12 13:12:00-04:00,326.7799987792969,326.7900085449219,326.6099853515625,326.7311096191406,40567
2026-08-12 13:13:00-04:00,326.7349853515625,326.8900146484375,326.6499938964844,326.7799987792969,29970
2026-08-12 13:14:00-04:00,326.82501220703125,326.8399963378906,326.6622009277344,326.7699890136719,42865
2026-08-12 13:15:00-04:00,326.59991455078125,326.8185119628906,326.5299987792969,326.7864990234375,45772
2026-08-12 13:16:00-04:00,326.4549865722656,326.6000061035156,326.3699951171875,326.59991455078125,88445
2026-08-12 13:17:00-04:00,326.3599853515625,326.46209716796875,326.2699890136719,326.45001220703125,60086
2026-08-12 13:18:00-04:00,326.2699890136719,326.44000244140625,326.260009765625,326.3399963378906,32114
2026-08-12 13:19:00-04:00,326.3450012207031,326.3821105957031,326.1000061035156,326.25750732421875,34898
2026-08-12 13:20:00-04:00,326.4800109863281,326.5400085449219,326.2850036621094,326.3699951171875,43480
2026-08-12 13:21:00-04:00,326.4822082519531,326.5198974609375,326.4200134277344,326.4800109863281,21359
2026-08-12 13:22:00-04:00,326.18499755859375,326.5,326.1499938964844,326.5,46297
2026-08-12 13:23:00-04:00,326.3999938964844,326.55999755859375,326.1689147949219,326.2200012207031,33647
2026-08-12 13:24:00-04:00,326.25,326.42999267578125,326.18011474609375,326.385009765625,41493
2026-08-12 13:25:00-04:00,326.2349853515625,326.32000732421875,326.1451110839844,326.268798828125,37745
2026-08-12 13:26:00-04:00,326.19000244140625,326.25,326.1000061035156,326.2499084472656,33162
2026-08-12 13:27:00-04:00,326.2900085449219,326.30999755859375,326.1499938964844,326.20001220703125,28829
2026-08-12 13:28:00-04:00,326.1650085449219,326.3299865722656,326.1300048828125,326.2699890136719,34708
2026-08-12 13:29:00-04:00,326.2900085449219,326.32000732421875,326.0,326.19000244140625,76592
2026-08-12 13:30:00-04:00,326.0740966796875,326.30999755859375,326.010009765625,326.2950134277344,33005
2026-08-12 13:31:00-04:00,326.139892578125,326.1485900878906,326.05999755859375,326.05999755859375,30643
2026-08-12 13:32:00-04:00,326.1300048828125,326.18798828125,326.04998779296875,326.1400146484375,39286
2026-08-12 13:33:00-04:00,326.19000244140625,326.3299865722656,326.1099853515625,326.114990234375,26657
2026-08-12 13:34:00-04:00,325.8999938964844,326.2250061035156,325.8399963378906,326.19000244140625,63886
2026-08-12 13:35:00-04:00,325.7799987792969,325.95001220703125,325.70001220703125,325.8949890136719,106120
2026-08-12 13:36:00-04:00,326.0249938964844,326.0299987792969,325.72369384765625,325.7799987792969,57310
2026-08-12 13:37:00-04:00,326.08331298828125,326.1299133300781,325.9100036621094,326.010009765625,33657
2026-08-12 13:38:00-04:00,325.8599853515625,326.1000061035156,325.8500061035156,326.0993957519531,18616
2026-08-12 13:39:00-04:00,325.7850036621094,325.8999938964844,325.5799865722656,325.8599853515625,70794
2026-08-12 13:40:00-04:00,325.8949890136719,325.96990966796875,325.7110900878906,325.7850036621094,50705
2026-08-12 13:41:00-04:00,325.8949890136719,325.9100036621094,325.8399963378906,325.8900146484375,16694
2026-08-12 13:42:00-04:00,325.9100036621094,325.9200134277344,325.8399963378906,325.86041259765625,18721
2026-08-12 13:43:00-04:00,325.9750061035156,326.03369140625,325.8999938964844,325.8999938964844,30973
2026-08-12 13:44:00-04:00,326.010009765625,326.1000061035156,325.9700012207031,326.0,30519
2026-08-12 13:45:00-04:00,325.75,326.0400085449219,325.7200012207031,326.01361083984375,48117
2026-08-12 13:46:00-04:00,325.95001220703125,325.95001220703125,325.739990234375,325.7799987792969,31000
2026-08-12 13:47:00-04:00,325.9200134277344,326.04998779296875,325.8299865722656,325.9049987792969,21680
2026-08-12 13:48:00-04:00,325.8399963378906,325.9200134277344,325.70001220703125,325.9200134277344,33767
2026-08-12 13:49:00-04:00,325.80999755859375,325.8699951171875,325.7569885253906,325.8599853515625,22755
2026-08-12 13:50:00-04:00,325.80999755859375,325.8450012207031,325.7300109863281,325.80999755859375,16381
2026-08-12 13:51:00-04:00,326.20989990234375,326.2200012207031,325.7715148925781,325.7950134277344,47200
2026-08-12 13:52:00-04:00,325.9800109863281,326.1700134277344,325.9200134277344,326.1099853515625,110055
2026-08-12 13:53:00-04:00,326.0299987792969,326.1300048828125,325.91009521484375,326.010009765625,40762
2026-08-12 13:54:00-04:00,326.0093994140625,326.0599060058594,325.9599914550781,326.0400085449219,25101
2026-08-12 13:55:00-04:00,326.135009765625,326.3500061035156,325.8699951171875,326.0,48843
2026-08-12 13:56:00-04:00,326.1449890136719,326.2799072265625,326.07000732421875,326.1099853515625,37422
2026-08-12 13:57:00-04:00,326.29998779296875,326.34588623046875,326.1000061035156,326.1499938964844,25526
2026-08-12 13:58:00-04:00,326.4898986816406,326.489990234375,326.260009765625,326.31500244140625,37116
2026-08-12 13:59:00-04:00,326.2950134277344,326.489990234375,326.24139404296875,326.4599914550781,32360
2026-08-12 14:00:00-04:00,326.0443115234375,326.3399963378906,326.0299987792969,326.32000732421875,68451
2026-08-12 14:01:00-04:00,325.7799987792969,326.1300048828125,325.7481994628906,326.0899963378906,36821
2026-08-12 14:02:00-04:00,325.82659912109375,326.06878662109375,325.7749938964844,325.7749938964844,27809
2026-08-12 14:03:00-04:00,326.07000732421875,326.114990234375,325.7900085449219,325.8399963378906,33057
2026-08-12 14:04:00-04:00,326.44000244140625,326.45001220703125,326.0325927734375,326.0628967285156,36241
2026-08-12 14:05:00-04:00,326.2695007324219,326.6000061035156,326.2695007324219,326.44000244140625,45575
2026-08-12 14:06:00-04:00,326.4800109863281,326.5400085449219,326.20001220703125,326.3299865722656,29508
2026-08-12 14:07:00-04:00,326.4619140625,326.5498962402344,326.4599914550781,326.468505859375,23828
2026-08-12 14:08:00-04:00,326.5249938964844,326.5249938964844,326.385009765625,326.4700012207031,24936
2026-08-12 14:09:00-04:00,326.5899963378906,326.6600036621094,326.4200134277344,326.5299987792969,26856
2026-08-12 14:10:00-04:00,326.3349914550781,326.6499938964844,326.32000732421875,326.6499938964844,27704
2026-08-12 14:11:00-04:00,326.7900085449219,326.8299865722656,326.3262939453125,326.3349914550781,48096
2026-08-12 14:12:00-04:00,326.6000061035156,326.80340576171875,326.6000061035156,326.7900085449219,30505
2026-08-12 14:13:00-04:00,326.67498779296875,326.69000244140625,326.5799865722656,326.639892578125,23709
2026-08-12 14:14:00-04:00,326.4599914550781,326.70001220703125,326.43011474609375,326.67498779296875,24600
2026-08-12 14:15:00-04:00,326.5799865722656,326.6300048828125,326.4200134277344,326.4800109863281,29325
2026-08-12 14:16:00-04:00,326.5700988769531,326.6300048828125,326.5,326.5591125488281,17810
2026-08-12 14:17:00-04:00,326.3399963378906,326.54998779296875,326.3399963378906,326.54998779296875,36754
2026-08-12 14:18:00-04:00,326.25,326.3500061035156,326.1650085449219,326.3301086425781,30557
2026-08-12 14:19:00-04:00,326.19000244140625,326.2799987792969,326.17999267578125,326.2749938964844,29261
2026-08-12 14:20:00-04:00,326.1199951171875,326.2699890136719,326.07000732421875,326.1700134277344,30877
2026-08-12 14:21:00-04:00,326.1733093261719,326.25,326.0899963378906,326.0899963378906,22400
2026-08-12 14:22:00-04:00,326.2950134277344,326.3500061035156,326.1859130859375,326.2091064453125,26603
2026-08-12 14:23:00-04:00,326.4798889160156,326.4800109863281,326.2699890136719,326.2950134277344,29412
2026-08-12 14:24:00-04:00,326.375,326.5,326.3299865722656,326.45001220703125,25304
2026-08-12 14:25:00-04:00,326.2401123046875,326.45001220703125,326.239990234375,326.3893127441406,24799
2026-08-12 14:26:00-04:00,326.3800048828125,326.3900146484375,326.2200012207031,326.2799987792969,17078
2026-08-12 14:27:00-04:00,326.4700012207031,326.5899963378906,326.2200012207031,326.3599853515625,49869
2026-08-12 14:28:00-04:00,326.3900146484375,326.489990234375,326.29998779296875,326.4800109863281,14123
2026-08-12 14:29:00-04:00,326.506103515625,326.5201110839844,326.4200134277344,326.4200134277344,20230
2026-08-12 14:30:00-04:00,326.68341064453125,326.7099914550781,326.45001220703125,326.45001220703125,35881
2026-08-12 14:31:00-04:00,326.7749938964844,326.79998779296875,326.6199951171875,326.6499938964844,21611
2026-08-12 14:32:00-04:00,327.2300109863281,327.29998779296875,326.7699890136719,326.7998962402344,87767
2026-08-12 14:33:00-04:00,326.93701171875,327.239990234375,326.8399963378906,327.2300109863281,166566
2026-08-12 14:34:00-04:00,326.85369873046875,326.989990234375,326.8299865722656,326.8901062011719,22568
2026-08-12 14:35:00-04:00,326.7300109863281,326.889892578125,326.45001220703125,326.8299865722656,96142
2026-08-12 14:36:00-04:00,326.6300048828125,326.7698974609375,326.6199951171875,326.7300109863281,21790
2026-08-12 14:37:00-04:00,326.760009765625,326.82000732421875,326.5899963378906,326.6199951171875,24252
2026-08-12 14:38:00-04:00,326.79998779296875,326.89990234375,326.75,326.760009765625,34335
2026-08-12 14:39:00-04:00,326.5400085449219,326.8299865722656,326.510009765625,326.7900085449219,23244
2026-08-12 14:40:00-04:00,326.6741943359375,326.7900085449219,326.4800109863281,326.5400085449219,29563
2026-08-12 14:41:00-04:00,326.7749938964844,326.82000732421875,326.6300048828125,326.6889953613281,25707
2026-08-12 14:42:00-04:00,326.614990234375,326.8529968261719,326.5799865722656,326.7749938964844,43907
2026-08-12 14:43:00-04:00,326.67999267578125,326.7200012207031,326.5799865722656,326.62640380859375,16424
2026-08-12 14:44:00-04:00,326.489990234375,326.70001220703125,326.45001220703125,326.67999267578125,33509
2026-08-12 14:45:00-04:00,326.3500061035156,326.489990234375,326.29998779296875,326.4800109863281,33736
2026-08-12 14:46:00-04:00,326.6604919433594,326.7275085449219,326.29998779296875,326.29998779296875,22688
2026-08-12 14:47:00-04:00,326.5899963378906,326.71990966796875,326.55999755859375,326.71990966796875,25305
2026-08-12 14:48:00-04:00,326.5199890136719,326.6199951171875,326.5,326.6099853515625,20668
2026-08-12 14:49:00-04:00,326.69500732421875,326.69500732421875,326.510009765625,326.510009765625,14519
2026-08-12 14:50:00-04:00,326.8399963378906,326.8399963378906,326.6300048828125,326.7099914550781,26077
2026-08-12 14:51:00-04:00,327.0199890136719,327.0799865722656,326.8100891113281,326.82501220703125,52465
2026-08-12 14:52:00-04:00,327.260009765625,327.45989990234375,327.010009765625,327.0199890136719,74059
2026-08-12 14:53:00-04:00,327.2325134277344,327.2900085449219,327.15008544921875,327.2200012207031,35545
2026-08-12 14:54:00-04:00,327.30010986328125,327.3500061035156,327.2300109863281,327.2550048828125,27275
2026-08-12 14:55:00-04:00,327.3223876953125,327.4100036621094,327.25,327.3160095214844,34240
2026-08-12 14:56:00-04:00,327.3349914550781,327.3800048828125,327.260009765625,327.3399963378906,35801
2026-08-12 14:57:00-04:00,327.1000061035156,327.3550109863281,327.0899963378906,327.3500061035156,39112
2026-08-12 14:58:00-04:00,327.2001037597656,327.2300109863281,327.05999755859375,327.1199951171875,31136
2026-08-12 14:59:00-04:00,327.0799865722656,327.2300109863281,327.0799865722656,327.17010498046875,23220
2026-08-12 15:00:00-04:00,327.1650085449219,327.2099914550781,326.9800109863281,327.07000732421875,34945
2026-08-12 15:01:00-04:00,327.06500244140625,327.2099914550781,327.0299987792969,327.1700134277344,21934
2026-08-12 15:02:00-04:00,326.9224853515625,327.06500244140625,326.7799987792969,327.06500244140625,37208
2026-08-12 15:03:00-04:00,326.8599853515625,326.9700012207031,326.79998779296875,326.8999938964844,17824
2026-08-12 15:04:00-04:00,326.8900146484375,326.94000244140625,326.8299865722656,326.8500061035156,11148
2026-08-12 15:05:00-04:00,327.0249938964844,327.04998779296875,326.8500061035156,326.8656005859375,21597
2026-08-12 15:06:00-04:00,327.05999755859375,327.1099853515625,326.94000244140625,327.010009765625,29654
2026-08-12 15:07:00-04:00,327.1401062011719,327.1700134277344,327.04998779296875,327.05999755859375,25171
2026-08-12 15:08:00-04:00,327.18499755859375,327.260009765625,327.07000732421875,327.1532897949219,23017
2026-08-12 15:09:00-04:00,327.1499938964844,327.25,327.1099853515625,327.19500732421875,22473
2026-08-12 15:10:00-04:00,327.33380126953125,327.34991455078125,327.10101318359375,327.1600036621094,25015
2026-08-12 15:11:00-04:00,327.2900085449219,327.3800048828125,327.25,327.32501220703125,38961
2026-08-12 15:12:00-04:00,327.19000244140625,327.32000732421875,327.1300048828125,327.2900085449219,37134
2026-08-12 15:13:00-04:00,327.2699890136719,327.2699890136719,327.1499938964844,327.20001220703125,23067
2026-08-12 15:14:00-04:00,327.135009765625,327.2539978027344,327.1000061035156,327.2349853515625,21730
2026-08-12 15:15:00-04:00,327.1449890136719,327.239990234375,327.010009765625,327.1282043457031,35196
2026-08-12 15:16:00-04:00,327.2900085449219,327.375,327.1698913574219,327.1698913574219,32860
2026-08-12 15:17:00-04:00,327.3738098144531,327.3800048828125,327.239990234375,327.2799987792969,31612
2026-08-12 15:18:00-04:00,327.2200012207031,327.5,327.20001220703125,327.364990234375,71545
2026-08-12 15:19:00-04:00,327.17999267578125,327.2900085449219,327.1000061035156,327.2250061035156,29104
2026-08-12 15:20:00-04:00,327.1099853515625,327.19000244140625,327.0299987792969,327.1600036621094,33857
2026-08-12 15:21:00-04:00,327.2550048828125,327.2900085449219,327.04998779296875,327.1400146484375,25848
2026-08-12 15:22:00-04:00,327.5299987792969,327.62359619140625,327.260009765625,327.2900085449219,93799
2026-08-12 15:23:00-04:00,327.5799865722656,327.6199951171875,327.45001220703125,327.54998779296875,45712
2026-08-12 15:24:00-04:00,327.4800109863281,327.6199035644531,327.45001220703125,327.5799865722656,32780
2026-08-12 15:25:00-04:00,327.5899963378906,327.6199951171875,327.45001220703125,327.4599914550781,28700
2026-08-12 15:26:00-04:00,327.8450012207031,327.8500061035156,327.57000732421875,327.5899963378906,69127
2026-08-12 15:27:00-04:00,327.739501953125,327.8999938964844,327.6499938964844,327.8450012207031,43278
2026-08-12 15:28:00-04:00,327.8999938964844,327.92999267578125,327.6700134277344,327.67181396484375,35381
2026-08-12 15:29:00-04:00,327.67999267578125,327.9200134277344,327.6600036621094,327.9100036621094,44290
2026-08-12 15:30:00-04:00,327.6099853515625,327.69000244140625,327.45001220703125,327.6700134277344,74741
2026-08-12 15:31:00-04:00,327.760009765625,327.7900085449219,327.5299987792969,327.6000061035156,48025
2026-08-12 15:32:00-04:00,327.7650146484375,327.8800048828125,327.70001220703125,327.760009765625,42008
2026-08-12 15:33:00-04:00,327.6050109863281,327.7900085449219,327.54010009765625,327.7900085449219,25139
2026-08-12 15:34:00-04:00,327.6300048828125,327.7174987792969,327.5,327.5799865722656,35208
2026-08-12 15:35:00-04:00,327.5400085449219,327.6050109863281,327.4599914550781,327.5799865722656,38513
2026-08-12 15:36:00-04:00,327.54998779296875,327.5899963378906,327.4200134277344,327.5299987792969,37113
2026-08-12 15:37:00-04:00,327.3783874511719,327.59991455078125,327.29998779296875,327.56500244140625,50606
2026-08-12 15:38:00-04:00,327.44000244140625,327.4800109863281,327.3500061035156,327.3667907714844,26711
2026-08-12 15:39:00-04:00,327.30999755859375,327.4599914550781,327.2200012207031,327.4599914550781,45718
2026-08-12 15:40:00-04:00,327.5299987792969,327.5299987792969,327.2699890136719,327.32501220703125,37171
2026-08-12 15:41:00-04:00,327.4200134277344,327.6199951171875,327.32000732421875,327.5249938964844,49624
2026-08-12 15:42:00-04:00,327.29998779296875,327.489990234375,327.2900085449219,327.3800048828125,44262
2026-08-12 15:43:00-04:00,327.29998779296875,327.3500061035156,327.1969909667969,327.29998779296875,56353
2026-08-12 15:44:00-04:00,327.3299865722656,327.40380859375,327.30499267578125,327.30499267578125,31827
2026-08-12 15:45:00-04:00,327.3599853515625,327.5,327.25,327.29998779296875,42700
2026-08-12 15:46:00-04:00,327.2200012207031,327.4305114746094,327.1600036621094,327.3599853515625,40901
2026-08-12 15:47:00-04:00,327.4649963378906,327.5199890136719,327.19000244140625,327.20001220703125,51352
2026-08-12 15:48:00-04:00,327.5220031738281,327.6099853515625,327.4100036621094,327.44500732421875,49772
2026-08-12 15:49:00-04:00,327.45001220703125,327.5299072265625,327.3399963378906,327.510009765625,60002
2026-08-12 15:50:00-04:00,326.95001220703125,327.4255065917969,326.8999938964844,327.4100036621094,108094
2026-08-12 15:51:00-04:00,326.8699951171875,327.0199890136719,326.8349914550781,326.92999267578125,70142
2026-08-12 15:52:00-04:00,327.19000244140625,327.25,326.8280029296875,326.8699951171875,78937
2026-08-12 15:53:00-04:00,327.3450012207031,327.3900146484375,327.0799865722656,327.1600036621094,57313
2026-08-12 15:54:00-04:00,327.510009765625,327.5400085449219,327.2701110839844,327.3299865722656,98323
2026-08-12 15:55:00-04:00,327.44000244140625,327.7099914550781,327.2701110839844,327.510009765625,114393
2026-08-12 15:56:00-04:00,327.6549987792969,327.69000244140625,327.42010498046875,327.44000244140625,97676
2026-08-12 15:57:00-04:00,327.8699951171875,327.94000244140625,327.6449890136719,327.6600036621094,151412
2026-08-12 15:58:00-04:00,327.5299987792969,327.8900146484375,327.5,327.8599853515625,191326
2026-08-12 15:59:00-04:00,327.45001220703125,327.6600036621094,327.4100036621094,327.5150146484375,346433
2026-08-13 09:30:00-04:00,325.6300048828125,327.8299865722656,325.239990234375,327.3299865722656,966388
2026-08-13 09:31:00-04:00,327.4100036621094,327.95001220703125,325.4110107421875,325.5299987792969,156425
2026-08-13 09:32:00-04:00,327.38018798828125,328.04998779296875,326.79010009765625,327.43499755859375,123883
2026-08-13 09:33:00-04:00,328.17999267578125,328.5899963378906,327.3999938964844,327.3999938964844,141929
2026-08-13 09:34:00-04:00,328.5799865722656,328.75,328.1099853515625,328.12200927734375,151117
2026-08-13 09:35:00-04:00,329.32000732421875,329.5,328.6000061035156,328.6300048828125,236538
2026-08-13 09:36:00-04:00,329.08599853515625,329.510009765625,328.57000732421875,329.32501220703125,142206
2026-08-13 09:37:00-04:00,329.4100036621094,329.7489929199219,328.5899963378906,329.0400085449219,161707
2026-08-13 09:38:00-04:00,329.80999755859375,330.0,329.4150085449219,329.4200134277344,174061
2026-08-13 09:39:00-04:00,330.3500061035156,330.4200134277344,329.2900085449219,329.80999755859375,168748
2026-08-13 09:40:00-04:00,331.17999267578125,331.4800109863281,330.3219909667969,330.376708984375,325626
2026-08-13 09:41:00-04:00,331.0799865722656,331.4849853515625,330.8800048828125,331.1499938964844,175335
2026-08-13 09:42:00-04:00,330.58819580078125,331.69000244140625,330.42999267578125,331.0700988769531,290181
2026-08-13 09:43:00-04:00,329.5,330.6686096191406,329.3349914550781,330.5799865722656,158171
2026-08-13 09:44:00-04:00,329.3900146484375,329.7200012207031,329.1099853515625,329.4849853515625,99803
2026-08-13 09:45:00-04:00,329.2558898925781,329.7300109863281,329.1300048828125,329.3800048828125,111672
2026-08-13 09:46:00-04:00,330.3299865722656,330.45001220703125,329.06048583984375,329.239990234375,152542
2026-08-13 09:47:00-04:00,330.0044860839844,330.3584899902344,329.6549987792969,330.3584899902344,104182
2026-08-13 09:48:00-04:00,330.2049865722656,330.3900146484375,329.8999938964844,330.07000732421875,74849
2026-08-13 09:49:00-04:00,330.7550048828125,330.8399963378906,330.17999267578125,330.1860046386719,95449
2026-08-13 09:50:00-04:00,331.5150146484375,331.80999755859375,330.5899963378906,330.8399963378906,186868
2026-08-13 09:51:00-04:00,331.17999267578125,331.54998779296875,330.75,331.50201416015625,79261
2026-08-13 09:52:00-04:00,331.4849853515625,331.6000061035156,330.7900085449219,331.17999267578125,92316
2026-08-13 09:53:00-04:00,331.8699951171875,331.8800048828125,331.30999755859375,331.4750061035156,124023
2026-08-13 09:54:00-04:00,332.4599914550781,332.5,331.83050537109375,331.8800048828125,250665
2026-08-13 09:55:00-04:00,331.8799133300781,332.67999267578125,331.7900085449219,332.5,182768
2026-08-13 09:56:00-04:00,332.9197082519531,332.9197082519531,331.6199951171875,331.8399963378906,196770
2026-08-13 09:57:00-04:00,332.4533996582031,332.9200134277344,331.92999267578125,332.8949890136719,112795
2026-08-13 09:58:00-04:00,333.07000732421875,333.42999267578125,332.42010498046875,332.4700012207031,250743
2026-08-13 09:59:00-04:00,332.9150085449219,333.3599853515625,332.82000732421875,333.0950012207031,101923
2026-08-13 10:00:00-04:00,333.1700134277344,333.4100036621094,332.5201110839844,332.9200134277344,161166
2026-08-13 10:01:00-04:00,333.17999267578125,333.5599060058594,332.8399963378906,333.1700134277344,129572
2026-08-13 10:02:00-04:00,333.0199890136719,333.25,332.7001953125,333.2149963378906,111184
2026-08-13 10:03:00-04:00,332.0299987792969,333.0400085449219,331.9800109863281,333.031005859375,140915
2026-08-13 10:04:00-04:00,332.5950012207031,332.67999267578125,332.0299987792969,332.1199035644531,108790
2026-08-13 10:05:00-04:00,332.79998779296875,333.0400085449219,332.5,332.6499938964844,111279
2026-08-13 10:06:00-04:00,332.9176025390625,332.9898986816406,332.6400146484375,332.8223876953125,68957
2026-08-13 10:07:00-04:00,332.80999755859375,332.9620056152344,332.6300048828125,332.92498779296875,63261
2026-08-13 10:08:00-04:00,332.9200134277344,333.05999755859375,332.6499938964844,332.82000732421875,60442
2026-08-13 10:09:00-04:00,333.0199890136719,333.1400146484375,332.7701110839844,332.92999267578125,53314
2026-08-13 10:10:00-04:00,333.643310546875,333.67999267578125,333.0199890136719,333.04998779296875,124341
2026-08-13 10:11:00-04:00,333.2200012207031,333.7099914550781,333.2200012207031,333.6607971191406,103238
2026-08-13 10:12:00-04:00,332.760009765625,333.2699890136719,332.489990234375,333.20001220703125,108531
2026-08-13 10:13:00-04:00,332.50299072265625,332.8500061035156,332.4901123046875,332.78009033203125,86441
2026-08-13 10:14:00-04:00,332.635009765625,332.7300109863281,332.4700012207031,332.54998779296875,72040
2026-08-13 10:15:00-04:00,333.0299072265625,333.0799865722656,332.6300964355469,332.6400146484375,90389
2026-08-13 10:16:00-04:00,332.95001220703125,333.1000061035156,332.7799987792969,333.0150146484375,89543
2026-08-13 10:17:00-04:00,332.93499755859375,333.1199951171875,332.6099853515625,332.92498779296875,72080
2026-08-13 10:18:00-04:00,332.8599853515625,333.0199890136719,332.8210144042969,332.92498779296875,43447
2026-08-13 10:19:00-04:00,332.55499267578125,333.0,332.29998779296875,332.8599853515625,101210
2026-08-13 10:20:00-04:00,332.57000732421875,332.6700134277344,332.40008544921875,332.5400085449219,62996
2026-08-13 10:21:00-04:00,333.07000732421875,333.14990234375,332.4529113769531,332.5350036621094,95120
2026-08-13 10:22:00-04:00,333.5249938964844,333.5414123535156,332.9100036621094,333.0849914550781,83196
2026-08-13 10:23:00-04:00,332.93231201171875,333.5365905761719,332.9200134277344,333.5199890136719,66831
2026-08-13 10:24:00-04:00,333.1499938964844,333.2685852050781,332.8999938964844,332.9916076660156,61657
2026-08-13 10:25:00-04:00,332.7799987792969,333.20001220703125,332.70001220703125,333.135009765625,49250
2026-08-13 10:26:00-04:00,332.46820068359375,332.82000732421875,332.3999938964844,332.81988525390625,83660
2026-08-13 10:27:00-04:00,332.45001220703125,332.6199951171875,332.4100036621094,332.4764099121094,54003
2026-08-13 10:28:00-04:00,332.5332946777344,332.6600036621094,332.3219909667969,332.4200134277344,59790
2026-08-13 10:29:00-04:00,332.8949890136719,332.9590148925781,332.4800109863281,332.5199890136719,58974
2026-08-13 10:30:00-04:00,332.8721008300781,332.9599914550781,332.4801025390625,332.9100036621094,64443
2026-08-13 10:31:00-04:00,333.260009765625,333.4858093261719,332.8301086425781,332.8500061035156,101148
2026-08-13 10:32:00-04:00,333.30499267578125,333.42999267578125,333.0201110839844,333.2900085449219,55028
2026-08-13 10:33:00-04:00,333.2417907714844,333.3500061035156,332.94000244140625,333.32000732421875,59805
2026-08-13 10:34:00-04:00,333.1000061035156,333.2049865722656,332.9400939941406,333.19158935546875,51697
2026-08-13 10:35:00-04:00,333.10040283203125,333.239990234375,332.8999938964844,333.06500244140625,32804
2026-08-13 10:36:00-04:00,333.6650085449219,333.75,332.97930908203125,333.1004943847656,132424
2026-08-13 10:37:00-04:00,333.70001220703125,333.840087890625,333.54998779296875,333.68389892578125,91479
2026-08-13 10:38:00-04:00,333.2200012207031,333.75,333.1099853515625,333.69500732421875,58329
2026-08-13 10:39:00-04:00,333.6899108886719,333.69000244140625,333.1705017089844,333.2204895019531,60685
2026-08-13 10:40:00-04:00,333.8399963378906,333.9800109863281,333.5899963378906,333.6180114746094,83501
2026-08-13 10:41:00-04:00,333.82989501953125,333.8699035644531,333.67010498046875,333.8299865722656,36073
2026-08-13 10:42:00-04:00,334.0899963378906,334.19000244140625,333.6199951171875,333.7799987792969,122468
2026-08-13 10:43:00-04:00,333.7950134277344,334.1700134277344,333.7101135253906,334.0899963378906,64453
2026-08-13 10:44:00-04:00,333.7300109863281,333.8399963378906,333.53009033203125,333.760009765625,50650
2026-08-13 10:45:00-04:00,333.875,334.1300048828125,333.6199951171875,333.7049865722656,97597
2026-08-13 10:46:00-04:00,333.4800109863281,334.14990234375,333.45001220703125,333.875,98767
2026-08-13 10:47:00-04:00,333.5535888671875,333.7699890136719,333.3999938964844,333.5199890136719,52217
2026-08-13 10:48:00-04:00,333.5,333.8900146484375,333.3699951171875,333.5899963378906,76972
2026-08-13 10:49:00-04:00,333.2900085449219,333.5199890136719,333.1499938964844,333.4700927734375,57791
2026-08-13 10:50:00-04:00,333.44000244140625,333.69500732421875,333.3399963378906,333.3500061035156,45777
2026-08-13 10:51:00-04:00,333.8999938964844,334.0,333.4100036621094,333.4794006347656,70057
2026-08-13 10:52:00-04:00,333.7950134277344,333.9700012207031,333.75,333.8599853515625,39479
2026-08-13 10:53:00-04:00,333.7701110839844,333.8799133300781,333.6099853515625,333.82000732421875,26628
2026-08-13 10:54:00-04:00,334.2981872558594,334.3299865722656,333.7349853515625,333.760986328125,93650
2026-08-13 10:55:00-04:00,334.3450012207031,334.3799133300781,333.95001220703125,334.3099060058594,54303
2026-08-13 10:56:00-04:00,334.7200012207031,334.7699890136719,334.0400085449219,334.3450012207031,112154
2026-08-13 10:57:00-04:00,335.2349853515625,335.3800048828125,334.510009765625,334.7298889160156,263887
2026-08-13 10:58:00-04:00,334.8699951171875,335.2499084472656,334.7200012207031,335.2200012207031,74310
2026-08-13 10:59:00-04:00,334.6000061035156,334.89190673828125,334.5480041503906,334.89190673828125,47698
2026-08-13 11:00:00-04:00,335.2900085449219,335.3399963378906,334.364990234375,334.5885925292969,108188
2026-08-13 11:01:00-04:00,334.6300048828125,335.28948974609375,334.5,335.2349853515625,68682
2026-08-13 11:02:00-04:00,333.739990234375,334.55999755859375,333.6700134277344,334.55999755859375,110784
2026-08-13 11:03:00-04:00,333.56500244140625,333.909912109375,333.4801025390625,333.79998779296875,62345
2026-08-13 11:04:00-04:00,333.69000244140625,333.80999755859375,333.4700012207031,333.5559997558594,69111
2026-08-13 11:05:00-04:00,334.1700134277344,334.20001220703125,333.6700134277344,333.69500732421875,80202
2026-08-13 11:06:00-04:00,334.05999755859375,334.2200012207031,333.80999755859375,334.1300048828125,46040
2026-08-13 11:07:00-04:00,333.5408020019531,334.0400085449219,333.5408020019531,334.0400085449219,42716
2026-08-13 11:08:00-04:00,333.5260009765625,333.6899108886719,333.45001220703125,333.5299987792969,60142
2026-08-13 11:09:00-04:00,333.5249938964844,333.6199951171875,333.3500061035156,333.510009765625,48086
2026-08-13 11:10:00-04:00,333.54998779296875,333.6099853515625,333.360107421875,333.5299987792969,78453
2026-08-13 11:11:00-04:00,333.54998779296875,333.69000244140625,333.45001220703125,333.53009033203125,36378
2026-08-13 11:12:00-04:00,333.4750061035156,333.5849914550781,333.3900146484375,333.56500244140625,23493
2026-08-13 11:13:00-04:00,333.6300048828125,333.7300109863281,333.3299865722656,333.4599914550781,35078
2026-08-13 11:14:00-04:00,333.80999755859375,333.8395080566406,333.57000732421875,333.6199951171875,48658
2026-08-13 11:15:00-04:00,334.1650085449219,334.1650085449219,333.7763977050781,333.80999755859375,56303
2026-08-13 11:16:00-04:00,334.4599914550781,334.739990234375,334.1300048828125,334.1401062011719,93704
2026-08-13 11:17:00-04:00,334.82000732421875,334.8800048828125,334.44000244140625,334.4599914550781,47466
2026-08-13 11:18:00-04:00,334.6000061035156,335.0,334.5400085449219,334.8500061035156,71192
2026-08-13 11:19:00-04:00,334.93499755859375,335.0,334.6300048828125,334.6600036621094,52979
2026-08-13 11:20:00-04:00,335.3999938964844,335.4100036621094,334.9100036621094,334.94000244140625,121842
2026-08-13 11:21:00-04:00,335.2052001953125,335.3800048828125,335.1099853515625,335.2799987792969,83710
2026-08-13 11:22:00-04:00,334.82000732421875,335.20001220703125,334.7300109863281,335.20001220703125,69700
2026-08-13 11:23:00-04:00,334.4100036621094,334.83990478515625,334.2300109863281,334.82000732421875,54358
2026-08-13 11:24:00-04:00,333.8999938964844,334.4601135253906,333.77490234375,334.4494934082031,89289
2026-08-13 11:25:00-04:00,333.5791015625,334.1000061035156,333.5791015625,333.8900146484375,63299
2026-08-13 11:26:00-04:00,333.19000244140625,333.6300048828125,333.1600036621094,333.6050109863281,71097
2026-08-13 11:27:00-04:00,333.30999755859375,333.7300109863281,333.0188903808594,333.2049865722656,117054
2026-08-13 11:28:00-04:00,332.44000244140625,333.364990234375,332.44000244140625,333.364990234375,125175
2026-08-13 11:29:00-04:00,332.9549865722656,333.2699890136719,332.44000244140625,332.4700012207031,98517
2026-08-13 11:30:00-04:00,333.3900146484375,333.4729919433594,332.8500061035156,332.95001220703125,53564
2026-08-13 11:31:00-04:00,333.6099853515625,333.7398986816406,333.3500061035156,333.3949890136719,55186
2026-08-13 11:32:00-04:00,333.2650146484375,333.6600036621094,333.2099914550781,333.5899963378906,48155
2026-08-13 11:33:00-04:00,333.489990234375,333.6199951171875,333.2699890136719,333.30999755859375,37372
2026-08-13 11:34:00-04:00,333.239990234375,333.5400085449219,333.2099914550781,333.5400085449219,32379
2026-08-13 11:35:00-04:00,333.4305114746094,333.7090148925781,333.239990234375,333.239990234375,64868
2026-08-13 11:36:00-04:00,333.04998779296875,333.5400085449219,333.00048828125,333.5199890136719,44980
2026-08-13 11:37:00-04:00,333.0199890136719,333.19000244140625,332.9100036621094,333.0,44426
2026-08-13 11:38:00-04:00,333.0,333.06500244140625,332.7699890136719,333.04998779296875,47719
2026-08-13 11:39:00-04:00,333.3500061035156,333.3500061035156,332.9599914550781,332.9800109863281,43247
2026-08-13 11:40:00-04:00,333.3523864746094,333.3900146484375,333.19500732421875,333.30999755859375,29794
2026-08-13 11:41:00-04:00,333.75,333.7699890136719,333.2598876953125,333.3999938964844,47692
2026-08-13 11:42:00-04:00,333.8900146484375,334.05999755859375,333.6600036621094,333.6700134277344,60083
2026-08-13 11:43:00-04:00,333.67999267578125,333.94000244140625,333.6499938964844,333.8999938964844,29779
2026-08-13 11:44:00-04:00,333.4549865722656,333.70001220703125,333.4110107421875,333.6650085449219,22037
2026-08-13 11:45:00-04:00,333.4549865722656,333.489990234375,333.29998779296875,333.4104919433594,26662
2026-08-13 11:46:00-04:00,333.58990478515625,333.5899963378906,333.239990234375,333.4599914550781,48261
2026-08-13 11:47:00-04:00,333.29998779296875,333.739990234375,333.2799987792969,333.5899963378906,47107
2026-08-13 11:48:00-04:00,333.4549865722656,333.7799987792969,333.1600036621094,333.32501220703125,63432
2026-08-13 11:49:00-04:00,333.4800109863281,333.5199890136719,333.2300109863281,333.4599914550781,36599
2026-08-13 11:50:00-04:00,333.3900146484375,333.5,333.2699890136719,333.45001220703125,30296
2026-08-13 11:51:00-04:00,333.29998779296875,333.4100036621094,333.17999267578125,333.4100036621094,22260
2026-08-13 11:52:00-04:00,333.385009765625,333.4399108886719,333.1700134277344,333.2799987792969,44411
2026-08-13 11:53:00-04:00,333.1199951171875,333.4299011230469,333.0899963378906,333.3949890136719,25079
2026-08-13 11:54:00-04:00,333.135009765625,333.19000244140625,333.0799865722656,333.0950012207031,21198
2026-08-13 11:55:00-04:00,333.2723083496094,333.3299865722656,333.1300048828125,333.1300048828125,34956
2026-08-13 11:56:00-04:00,333.2900085449219,333.3450012207031,333.2001037597656,333.2699890136719,22805
2026-08-13 11:57:00-04:00,333.3299865722656,333.5,333.2550048828125,333.2550048828125,28048
2026-08-13 11:58:00-04:00,333.5,333.6700134277344,333.3117980957031,333.3299865722656,47069
2026-08-13 11:59:00-04:00,333.1199951171875,333.5799865722656,333.0105895996094,333.5249938964844,43521
2026-08-13 12:00:00-04:00,333.5950012207031,333.6000061035156,333.1401062011719,333.17999267578125,24226
2026-08-13 12:01:00-04:00,333.5,333.6499938964844,333.4200134277344,333.5216064453125,27064
2026-08-13 12:02:00-04:00,333.7099914550781,333.8500061035156,333.5,333.5249938964844,22196
2026-08-13 12:03:00-04:00,333.92999267578125,334.0050048828125,333.75,333.75,31313
2026-08-13 12:04:00-04:00,333.78009033203125,334.05999755859375,333.78009033203125,333.9540100097656,27413
2026-08-13 12:05:00-04:00,334.3500061035156,334.3500061035156,333.75,333.82501220703125,65151
2026-08-13 12:06:00-04:00,334.32000732421875,334.4100036621094,334.1400146484375,334.3900146484375,46979
2026-08-13 12:07:00-04:00,334.239990234375,334.4999084472656,334.2377014160156,334.29998779296875,35882
2026-08-13 12:08:00-04:00,334.3599853515625,334.389892578125,334.17181396484375,334.2699890136719,25933
2026-08-13 12:09:00-04:00,333.8599853515625,334.364990234375,333.8299865722656,334.3200988769531,38640
2026-08-13 12:10:00-04:00,334.2900085449219,334.29998779296875,333.8599853515625,333.8599853515625,37181
2026-08-13 12:11:00-04:00,334.14581298828125,334.3299865722656,334.0600891113281,334.32989501953125,20711
2026-08-13 12:12:00-04:00,334.0950012207031,334.25,334.0700988769531,334.1600036621094,14780
2026-08-13 12:13:00-04:00,333.7699890136719,334.05999755859375,333.70001220703125,334.05999755859375,33693
2026-08-13 12:14:00-04:00,333.5799865722656,333.7900085449219,333.57000732421875,333.7900085449219,30169
2026-08-13 12:15:00-04:00,333.6199951171875,333.7900085449219,333.56280517578125,333.5950012207031,27263
2026-08-13 12:16:00-04:00,333.5000915527344,333.7900085449219,333.5,333.6199951171875,34848
2026-08-13 12:17:00-04:00,333.5660095214844,333.6300048828125,333.3599853515625,333.5400085449219,25622
2026-08-13 12:18:00-04:00,333.57000732421875,333.69000244140625,333.5199890136719,333.5299987792969,51717
2026-08-13 12:19:00-04:00,333.7799987792969,333.8399963378906,333.5299987792969,333.55999755859375,20140
2026-08-13 12:20:00-04:00,333.95989990234375,333.9888916015625,333.5299987792969,333.7900085449219,56391
2026-08-13 12:21:00-04:00,334.19500732421875,334.2698974609375,333.90789794921875,333.92498779296875,38966
2026-08-13 12:22:00-04:00,334.42999267578125,334.46990966796875,334.1401062011719,334.1600036621094,35087
2026-08-13 12:23:00-04:00,334.55999755859375,334.5896911621094,334.3599853515625,334.42999267578125,29948
2026-08-13 12:24:00-04:00,334.468994140625,334.6000061035156,334.3399963378906,334.5299987792969,37566
2026-08-13 12:25:00-04:00,334.5899963378906,334.6099853515625,334.3699951171875,334.45001220703125,37561
2026-08-13 12:26:00-04:00,334.42999267578125,334.6184997558594,334.3999938964844,334.57000732421875,35356
2026-08-13 12:27:00-04:00,334.6050109863281,334.69000244140625,334.3700866699219,334.4599914550781,32544
2026-08-13 12:28:00-04:00,334.6549987792969,334.70001220703125,334.4649963378906,334.5609130859375,25716
2026-08-13 12:29:00-04:00,334.5436096191406,334.6600036621094,334.489990234375,334.6200866699219,17350
2026-08-13 12:30:00-04:00,335.1408996582031,335.1628112792969,334.5705871582031,334.5899963378906,76711
2026-08-13 12:31:00-04:00,334.92999267578125,335.25,334.7699890136719,335.1600036621094,48005
2026-08-13 12:32:00-04:00,335.114990234375,335.239990234375,334.7699890136719,334.914794921875,105349
2026-08-13 12:33:00-04:00,334.94000244140625,335.1817932128906,334.7699890136719,335.1817932128906,43879
2026-08-13 12:34:00-04:00,334.70001220703125,334.9700012207031,334.6000061035156,334.9649963378906,118453
2026-08-13 12:35:00-04:00,335.1650085449219,335.2300109863281,334.6000061035156,334.67498779296875,75628
2026-08-13 12:36:00-04:00,335.17999267578125,335.25,335.0,335.1404113769531,57591
2026-08-13 12:37:00-04:00,334.9242858886719,335.2099914550781,334.90008544921875,335.1499938964844,45060
2026-08-13 12:38:00-04:00,334.9884948730469,335.0845031738281,334.8699951171875,334.94500732421875,25959
2026-08-13 12:39:00-04:00,335.0050048828125,335.0199890136719,334.7590026855469,334.9750061035156,33506
2026-08-13 12:40:00-04:00,334.9200134277344,335.0899963378906,334.8599853515625,334.989990234375,20367
2026-08-13 12:41:00-04:00,334.9700012207031,335.0,334.8699951171875,334.9200134277344,21180
2026-08-13 12:42:00-04:00,334.95001220703125,335.0400085449219,334.8500061035156,334.95001220703125,39609
2026-08-13 12:43:00-04:00,334.9649963378906,334.9800109863281,334.85101318359375,334.92999267578125,21520
2026-08-13 12:44:00-04:00,335.05999755859375,335.159912109375,334.9554138183594,334.9800109863281,36996
2026-08-13 12:45:00-04:00,335.5972900390625,335.6400146484375,335.0849914550781,335.0849914550781,115044
2026-08-13 12:46:00-04:00,335.4150085449219,335.6499938964844,335.2550048828125,335.5950012207031,60866
2026-08-13 12:47:00-04:00,335.6099853515625,335.7099914550781,335.3599853515625,335.4100036621094,64715
2026-08-13 12:48:00-04:00,335.760009765625,335.7900085449219,335.556884765625,335.6000061035156,68147
2026-08-13 12:49:00-04:00,335.8399963378906,335.94000244140625,335.760009765625,335.7699890136719,61607
2026-08-13 12:50:00-04:00,336.00048828125,336.05999755859375,335.66009521484375,335.79998779296875,177396
2026-08-13 12:51:00-04:00,336.1099853515625,336.20001220703125,335.90008544921875,336.0,65032
2026-08-13 12:52:00-04:00,336.0299987792969,336.3699951171875,335.91009521484375,336.1300048828125,117791
2026-08-13 12:53:00-04:00,335.7200012207031,336.0790100097656,335.6700134277344,336.05499267578125,60142
2026-08-13 12:54:00-04:00,335.8599853515625,335.8900146484375,335.5801086425781,335.6700134277344,39908
2026-08-13 12:55:00-04:00,336.1700134277344,336.1700134277344,335.760009765625,335.84619140625,57526
2026-08-13 12:56:00-04:00,336.3357849121094,336.5400085449219,336.0000915527344,336.1700134277344,113893
2026-08-13 12:57:00-04:00,336.7900085449219,336.8299865722656,336.30999755859375,336.3550109863281,112647
2026-08-13 12:58:00-04:00,336.75,337.07000732421875,336.6600036621094,336.7789001464844,185711
2026-08-13 12:59:00-04:00,336.5249938964844,336.7392883300781,336.42999267578125,336.6600036621094,55946
2026-08-13 13:00:00-04:00,336.94000244140625,337.0,336.42999267578125,336.4700012207031,85879
2026-08-13 13:01:00-04:00,336.5299987792969,336.94000244140625,336.45001220703125,336.94000244140625,55604
2026-08-13 13:02:00-04:00,336.375,336.6000061035156,336.1099853515625,336.5299987792969,75394
2026-08-13 13:03:00-04:00,336.05999755859375,336.4198913574219,335.8299865722656,336.375,71910
2026-08-13 13:04:00-04:00,335.8299865722656,336.0899963378906,335.8299865722656,336.05999755859375,41255
2026-08-13 13:05:00-04:00,335.7900085449219,335.8900146484375,335.6099853515625,335.8699951171875,68506
2026-08-13 13:06:00-04:00,335.3999938964844,335.7900085449219,335.3900146484375,335.69000244140625,49840
2026-08-13 13:07:00-04:00,335.5299072265625,335.54949951171875,335.19000244140625,335.4363098144531,84315
2026-08-13 13:08:00-04:00,335.56988525390625,335.6400146484375,335.4700012207031,335.5150146484375,36599
2026-08-13 13:09:00-04:00,335.6700134277344,335.6700134277344,335.3900146484375,335.55499267578125,38147
2026-08-13 13:10:00-04:00,335.82501220703125,335.8800048828125,335.60009765625,335.6600036621094,33922
2026-08-13 13:11:00-04:00,336.0450134277344,336.1813049316406,335.72100830078125,335.8299865722656,83369
2026-08-13 13:12:00-04:00,336.07379150390625,336.1499938964844,335.94000244140625,336.04998779296875,34633
2026-08-13 13:13:00-04:00,335.9649963378906,336.1700134277344,335.8901062011719,336.1000061035156,25658
2026-08-13 13:14:00-04:00,335.92498779296875,336.14990234375,335.9200134277344,335.9906921386719,30447
2026-08-13 13:15:00-04:00,336.3599853515625,336.3599853515625,335.92498779296875,335.92498779296875,39923
2026-08-13 13:16:00-04:00,336.5350036621094,336.6000061035156,336.3623962402344,336.375,52172
2026-08-13 13:17:00-04:00,336.3699951171875,336.59991455078125,336.32000732421875,336.5613098144531,35168
2026-08-13 13:18:00-04:00,336.3900146484375,336.3999938964844,336.25,336.3279113769531,23387
2026-08-13 13:19:00-04:00,336.4750061035156,336.489990234375,336.29010009765625,336.3800048828125,23408
2026-08-13 13:20:00-04:00,336.55999755859375,336.5899963378906,336.4150085449219,336.4800109863281,36788
2026-08-13 13:21:00-04:00,336.8299865722656,336.8800048828125,336.53790283203125,336.54998779296875,42525
2026-08-13 13:22:00-04:00,336.8500061035156,336.8699951171875,336.760009765625,336.8323059082031,25802
2026-08-13 13:23:00-04:00,336.4800109863281,336.8320007324219,336.3500061035156,336.8200988769531,49179
2026-08-13 13:24:00-04:00,336.45001220703125,336.5,336.3500061035156,336.4800109863281,37794
2026-08-13 13:25:00-04:00,336.3599853515625,336.5799865722656,336.25,336.4200134277344,25704
2026-08-13 13:26:00-04:00,336.3999938964844,336.4700012207031,336.29998779296875,336.3500061035156,16520
2026-08-13 13:27:00-04:00,336.2799987792969,336.44000244140625,336.2799987792969,336.44000244140625,24647
2026-08-13 13:28:00-04:00,336.34979248046875,336.4125061035156,336.20001220703125,336.2799987792969,29626
2026-08-13 13:29:00-04:00,336.35009765625,336.4595031738281,336.3299865722656,336.3399963378906,19846
2026-08-13 13:30:00-04:00,336.57000732421875,336.67999267578125,336.20001220703125,336.3500061035156,39392
2026-08-13 13:31:00-04:00,336.44500732421875,336.6400146484375,336.42999267578125,336.55499267578125,27568
2026-08-13 13:32:00-04:00,336.4800109863281,336.57000732421875,336.3800048828125,336.4700012207031,29925
2026-08-13 13:33:00-04:00,336.19500732421875,336.4750061035156,336.19000244140625,336.4599914550781,24124
2026-08-13 13:34:00-04:00,336.20001220703125,336.260009765625,336.0899963378906,336.2250061035156,30863
2026-08-13 13:35:00-04:00,336.20001220703125,336.2398986816406,336.1741943359375,336.2099914550781,15029
2026-08-13 13:36:00-04:00,336.0899963378906,336.2192077636719,336.05999755859375,336.20001220703125,33602
2026-08-13 13:37:00-04:00,335.95001220703125,336.1799011230469,335.76031494140625,336.0899963378906,85331
2026-08-13 13:38:00-04:00,335.9949951171875,336.09991455078125,335.8800048828125,335.94500732421875,37510
2026-08-13 13:39:00-04:00,336.0299987792969,336.239990234375,335.9800109863281,335.989990234375,31213
2026-08-13 13:40:00-04:00,336.3800048828125,336.42999267578125,335.989990234375,336.05999755859375,49970
2026-08-13 13:41:00-04:00,336.2900085449219,336.4399108886719,336.1300048828125,336.4399108886719,55754
2026-08-13 13:42:00-04:00,336.2200012207031,336.4100036621094,336.1700134277344,336.31500244140625,20746
2026-08-13 13:43:00-04:00,336.2300109863281,336.2900085449219,336.1099853515625,336.18499755859375,23465
2026-08-13 13:44:00-04:00,336.2699890136719,336.44000244140625,336.07000732421875,336.25,37219
2026-08-13 13:45:00-04:00,336.7550048828125,336.79998779296875,336.23638916015625,336.23638916015625,51731
2026-08-13 13:46:00-04:00,337.0,337.05999755859375,336.7300109863281,336.7428894042969,100587
2026-08-13 13:47:00-04:00,336.8399963378906,336.989990234375,336.760009765625,336.9849853515625,50671
2026-08-13 13:48:00-04:00,336.6619873046875,336.9200134277344,336.55999755859375,336.8349914550781,57831
2026-08-13 13:49:00-04:00,336.21990966796875,336.69879150390625,336.1650085449219,336.69000244140625,36630
2026-08-13 13:50:00-04:00,336.4100036621094,336.45989990234375,336.1099853515625,336.20001220703125,39048
2026-08-13 13:51:00-04:00,336.4599914550781,336.5,336.3299865722656,336.4100036621094,21322
2026-08-13 13:52:00-04:00,336.55999755859375,336.69000244140625,336.4849853515625,336.4849853515625,23000
2026-08-13 13:53:00-04:00,336.54998779296875,336.6199951171875,336.42010498046875,336.6000061035156,27231
2026-08-13 13:54:00-04:00,336.4294128417969,336.58740234375,336.30999755859375,336.55999755859375,20921
2026-08-13 13:55:00-04:00,336.2850036621094,336.4717102050781,336.20001220703125,336.3999938964844,23817
2026-08-13 13:56:00-04:00,336.1449890136719,336.3349914550781,336.1199951171875,336.2850036621094,51378
2026-08-13 13:57:00-04:00,336.3901062011719,336.4551086425781,336.0899963378906,336.1449890136719,53324
2026-08-13 13:58:00-04:00,336.57000732421875,336.63031005859375,336.3699951171875,336.4295959472656,38673
2026-08-13 13:59:00-04:00,336.2699890136719,336.57000732421875,336.25,336.55999755859375,18794
2026-08-13 14:00:00-04:00,336.2099914550781,336.45001220703125,336.15008544921875,336.2650146484375,32952
2026-08-13 14:01:00-04:00,336.2349853515625,336.3299865722656,336.1499938964844,336.1700134277344,38811
2026-08-13 14:02:00-04:00,336.17999267578125,336.3399963378906,335.92999267578125,336.2544860839844,82317
2026-08-13 14:03:00-04:00,336.3550109863281,336.3695068359375,336.1000061035156,336.1449890136719,35219
2026-08-13 14:04:00-04:00,336.4700012207031,336.5199890136719,336.3599853515625,336.3599853515625,30209
2026-08-13 14:05:00-04:00,336.6099853515625,336.70001220703125,336.489990234375,336.489990234375,80445
2026-08-13 14:06:00-04:00,336.67999267578125,336.7200012207031,336.5101013183594,336.6300048828125,29120
2026-08-13 14:07:00-04:00,336.7900085449219,336.8599853515625,336.6600036621094,336.6600036621094,26853
2026-08-13 14:08:00-04:00,336.94000244140625,336.9700012207031,336.7900085449219,336.7980041503906,31932
2026-08-13 14:09:00-04:00,336.8999938964844,337.0899963378906,336.8705139160156,336.95001220703125,61080
2026-08-13 14:10:00-04:00,337.1050109863281,337.1700134277344,336.8500061035156,336.92999267578125,72406
2026-08-13 14:11:00-04:00,337.31689453125,337.3500061035156,337.0089111328125,337.1050109863281,57093
2026-08-13 14:12:00-04:00,337.2099914550781,337.5199890136719,337.17999267578125,337.3349914550781,94954
2026-08-13 14:13:00-04:00,337.7900085449219,337.8500061035156,337.2099914550781,337.2099914550781,109449
2026-08-13 14:14:00-04:00,337.8900146484375,337.8999938964844,337.6650085449219,337.8299865722656,67181
2026-08-13 14:15:00-04:00,337.67498779296875,337.989990234375,337.5199890136719,337.8915100097656,80840
2026-08-13 14:16:00-04:00,337.6400146484375,337.909912109375,337.6099853515625,337.67498779296875,53478
2026-08-13 14:17:00-04:00,337.82501220703125,337.8500061035156,337.5,337.635009765625,44223
2026-08-13 14:18:00-04:00,337.89990234375,337.9700012207031,337.8100891113281,337.8349914550781,81859
2026-08-13 14:19:00-04:00,337.8599853515625,337.96990966796875,337.7699890136719,337.8599853515625,40884
2026-08-13 14:20:00-04:00,338.17999267578125,338.2200012207031,337.81500244140625,337.8999938964844,104909
2026-08-13 14:21:00-04:00,338.3999938964844,338.54998779296875,338.1300048828125,338.168701171875,355207
2026-08-13 14:22:00-04:00,338.5168151855469,338.6199951171875,338.2799987792969,338.3999938964844,73483
2026-08-13 14:23:00-04:00,338.3999938964844,338.57000732421875,338.32000732421875,338.5,67237
2026-08-13 14:24:00-04:00,338.239990234375,338.3999938964844,338.0783996582031,338.3999938964844,53009
2026-08-13 14:25:00-04:00,338.58990478515625,338.6099853515625,338.22149658203125,338.239990234375,69622
2026-08-13 14:26:00-04:00,338.44500732421875,338.6199951171875,338.3900146484375,338.56500244140625,33137
2026-08-13 14:27:00-04:00,338.4549865722656,338.5199890136719,338.3500061035156,338.4800109863281,33904
2026-08-13 14:28:00-04:00,338.3999938964844,338.489990234375,338.3299865722656,338.489990234375,30484
2026-08-13 14:29:00-04:00,338.4356994628906,338.5199890136719,338.3399963378906,338.3900146484375,25771
2026-08-13 14:30:00-04:00,338.54998779296875,338.5799865722656,338.32000732421875,338.3949890136719,60797
2026-08-13 14:31:00-04:00,338.7301025390625,338.82000732421875,338.55499267578125,338.55499267578125,71911
2026-08-13 14:32:00-04:00,338.364990234375,338.7998962402344,338.3299865722656,338.7900085449219,67642
2026-08-13 14:33:00-04:00,338.2860107421875,338.3999938964844,338.2200927734375,338.364990234375,53278
2026-08-13 14:34:00-04:00,338.2099914550781,338.3399963378906,338.0400085449219,338.30999755859375,36736
2026-08-13 14:35:00-04:00,338.2749938964844,338.3900146484375,338.1300048828125,338.2049865722656,37567
2026-08-13 14:36:00-04:00,338.239990234375,338.30999755859375,338.17999267578125,338.2749938964844,86921
2026-08-13 14:37:00-04:00,338.6199951171875,338.67999267578125,338.25,338.25,74502
2026-08-13 14:38:00-04:00,338.2300109863281,338.639892578125,338.1600036621094,338.6158142089844,39971
2026-08-13 14:39:00-04:00,338.32000732421875,338.3598937988281,338.1600036621094,338.20001220703125,446243
2026-08-13 14:40:00-04:00,338.2650146484375,338.44000244140625,338.2099914550781,338.3349914550781,38877
2026-08-13 14:41:00-04:00,338.4541015625,338.5899963378906,338.2300109863281,338.2900085449219,34147
2026-08-13 14:42:00-04:00,338.3999938964844,338.6199951171875,338.3999938964844,338.5400085449219,670964
2026-08-13 14:43:00-04:00,338.4551086425781,338.5486145019531,338.4100036621094,338.42999267578125,39085
2026-08-13 14:44:00-04:00,338.3599853515625,338.5299072265625,338.2900085449219,338.447998046875,31559
2026-08-13 14:45:00-04:00,338.9200134277344,339.0799865722656,338.3500061035156,338.3599853515625,150467
2026-08-13 14:46:00-04:00,338.94500732421875,338.99468994140625,338.7699890136719,338.92999267578125,45849
2026-08-13 14:47:00-04:00,339.44500732421875,339.4800109863281,338.92999267578125,338.94000244140625,167525
2026-08-13 14:48:00-04:00,339.7300109863281,339.79998779296875,339.3080139160156,339.4599914550781,128635
2026-08-13 14:49:00-04:00,339.5450134277344,339.75,339.3500061035156,339.7300109863281,89587
2026-08-13 14:50:00-04:00,340.1918029785156,340.2799987792969,339.5,339.57000732421875,293433
2026-08-13 14:51:00-04:00,340.19500732421875,340.32000732421875,339.989990234375,340.16009521484375,111775
2026-08-13 14:52:00-04:00,339.2699890136719,340.2300109863281,339.20001220703125,340.20001220703125,199514
2026-08-13 14:53:00-04:00,339.5098876953125,339.5899963378906,339.1300048828125,339.3599853515625,89780
2026-08-13 14:54:00-04:00,339.5,339.75,339.45001220703125,339.5071105957031,60873
2026-08-13 14:55:00-04:00,339.4200134277344,339.6099853515625,339.32000732421875,339.5050048828125,65024
2026-08-13 14:56:00-04:00,339.4419860839844,339.5400085449219,339.3500061035156,339.4200134277344,41675
2026-08-13 14:57:00-04:00,339.30999755859375,339.6318054199219,339.2900085449219,339.4599914550781,47796
2026-08-13 14:58:00-04:00,339.4599914550781,339.55999755859375,339.260009765625,339.31500244140625,50610
2026-08-13 14:59:00-04:00,339.5350036621094,339.6000061035156,339.3949890136719,339.45001220703125,26988
2026-08-13 15:00:00-04:00,339.45001220703125,339.5,339.260986328125,339.5,37917
2026-08-13 15:01:00-04:00,339.44000244140625,339.5299987792969,339.35400390625,339.4200134277344,44467
2026-08-13 15:02:00-04:00,339.75,339.8500061035156,339.4200134277344,339.44000244140625,70146
2026-08-13 15:03:00-04:00,339.9849853515625,340.0198974609375,339.706787109375,339.718505859375,60355
2026-08-13 15:04:00-04:00,340.1700134277344,340.17999267578125,339.989990234375,340.0,61079
2026-08-13 15:05:00-04:00,340.2149963378906,340.3171081542969,340.1000061035156,340.1310119628906,55326
2026-08-13 15:06:00-04:00,340.45001220703125,340.5,340.0799865722656,340.2200012207031,125328
2026-08-13 15:07:00-04:00,340.56500244140625,340.6000061035156,340.29998779296875,340.4599914550781,100166
2026-08-13 15:08:00-04:00,341.32501220703125,341.3500061035156,340.54998779296875,340.56890869140625,289329
2026-08-13 15:09:00-04:00,341.17999267578125,341.3500061035156,340.6300048828125,341.30999755859375,168691
2026-08-13 15:10:00-04:00,341.30999755859375,341.6400146484375,341.17401123046875,341.2300109863281,199716
2026-08-13 15:11:00-04:00,340.95050048828125,341.5799865722656,340.8800048828125,341.29998779296875,151718
2026-08-13 15:12:00-04:00,340.1813049316406,341.010009765625,340.1300048828125,341.0,117385
2026-08-13 15:13:00-04:00,339.3299865722656,340.239990234375,339.25,340.1650085449219,291640
2026-08-13 15:14:00-04:00,339.6300048828125,339.9700012207031,339.2300109863281,339.2900085449219,178431
2026-08-13 15:15:00-04:00,339.6050109863281,339.80999755859375,339.44000244140625,339.6000061035156,72370
2026-08-13 15:16:00-04:00,339.281005859375,339.69000244140625,339.2500915527344,339.6050109863281,62905
2026-08-13 15:17:00-04:00,339.30499267578125,339.3340148925781,339.0199890136719,339.3057861328125,64363
2026-08-13 15:18:00-04:00,339.4700012207031,339.67999267578125,339.2449951171875,339.2799987792969,70588
2026-08-13 15:19:00-04:00,339.30670166015625,339.5299987792969,339.1600036621094,339.4750061035156,45977
2026-08-13 15:20:00-04:00,339.2204895019531,339.30950927734375,339.1199951171875,339.2699890136719,40098
2026-08-13 15:21:00-04:00,338.8800048828125,339.2998962402344,338.67999267578125,339.2200012207031,97089
2026-08-13 15:22:00-04:00,338.67999267578125,338.9794006347656,338.45001220703125,338.9150085449219,103336
2026-08-13 15:23:00-04:00,339.0419006347656,339.07000732421875,338.70001220703125,338.70001220703125,84863
2026-08-13 15:24:00-04:00,338.8500061035156,339.0849914550781,338.75,339.0299987792969,53233
2026-08-13 15:25:00-04:00,338.6159973144531,338.8900146484375,338.54998779296875,338.8299865722656,42149
2026-08-13 15:26:00-04:00,338.6000061035156,338.8500061035156,338.54998779296875,338.6199951171875,45244
2026-08-13 15:27:00-04:00,338.8160095214844,338.8399963378906,338.57000732421875,338.5899963378906,33424
2026-08-13 15:28:00-04:00,338.7900085449219,338.9100036621094,338.75,338.8299865722656,41434
2026-08-13 15:29:00-04:00,338.75,338.82000732421875,338.5849914550781,338.7900085449219,58681
2026-08-13 15:30:00-04:00,338.885009765625,338.9200134277344,338.42999267578125,338.7449951171875,96838
2026-08-13 15:31:00-04:00,338.8861999511719,339.0400085449219,338.7900085449219,338.9100036621094,90397
2026-08-13 15:32:00-04:00,338.67498779296875,339.010009765625,338.6400146484375,338.8550109863281,76510
2026-08-13 15:33:00-04:00,338.93499755859375,339.010009765625,338.67999267578125,338.68499755859375,53613
2026-08-13 15:34:00-04:00,339.04998779296875,339.0899963378906,338.8900146484375,338.9599914550781,47615
2026-08-13 15:35:00-04:00,338.864990234375,339.17138671875,338.80999755859375,339.04998779296875,62375
2026-08-13 15:36:00-04:00,339.0400085449219,339.1099853515625,338.80999755859375,338.8550109863281,36881
2026-08-13 15:37:00-04:00,339.19000244140625,339.19000244140625,338.8900146484375,339.0400085449219,63322
2026-08-13 15:38:00-04:00,339.2980041503906,339.3699951171875,339.05999755859375,339.1499938964844,81008
2026-08-13 15:39:00-04:00,339.05999755859375,339.35931396484375,338.9599914550781,339.2900085449219,45137
2026-08-13 15:40:00-04:00,339.67999267578125,339.7099914550781,339.04998779296875,339.04998779296875,87200
2026-08-13 15:41:00-04:00,339.6099853515625,339.739990234375,339.5,339.6600036621094,92165
2026-08-13 15:42:00-04:00,339.389892578125,339.6700134277344,339.3200988769531,339.57000732421875,52804
2026-08-13 15:43:00-04:00,339.5002136230469,339.5599060058594,339.3450012207031,339.3599853515625,70863
2026-08-13 15:44:00-04:00,339.4100036621094,339.5,339.2099914550781,339.4800109863281,48945
2026-08-13 15:45:00-04:00,339.3699951171875,339.5350036621094,339.2699890136719,339.3599853515625,86091
2026-08-13 15:46:00-04:00,339.5799865722656,339.6600036621094,339.2900085449219,339.3599853515625,48079
2026-08-13 15:47:00-04:00,339.54998779296875,339.6400146484375,339.4549865722656,339.5950012207031,56599
2026-08-13 15:48:00-04:00,339.5899963378906,339.6199951171875,339.4800109863281,339.5299987792969,38017
2026-08-13 15:49:00-04:00,339.3500061035156,339.5899963378906,339.2099914550781,339.55999755859375,87808
2026-08-13 15:50:00-04:00,339.3599853515625,339.8299865722656,339.2799987792969,339.32000732421875,94286
2026-08-13 15:51:00-04:00,339.010009765625,339.3500061035156,338.9100036621094,339.3500061035156,109568
2026-08-13 15:52:00-04:00,338.8800048828125,339.31988525390625,338.8800048828125,338.9700012207031,94904
2026-08-13 15:53:00-04:00,339.125,339.20001220703125,338.80999755859375,338.9049987792969,111935
2026-08-13 15:54:00-04:00,339.0199890136719,339.1600036621094,338.82000732421875,339.1549987792969,93889
2026-08-13 15:55:00-04:00,339.1863098144531,339.2200012207031,338.8999938964844,339.0199890136719,124587
2026-08-13 15:56:00-04:00,339.94000244140625,339.9590148925781,339.1199951171875,339.19000244140625,215804
2026-08-13 15:57:00-04:00,340.17498779296875,340.32000732421875,339.9200134277344,339.94000244140625,206668
2026-08-13 15:58:00-04:00,339.9649963378906,340.20001220703125,339.92999267578125,340.1600036621094,215775
2026-08-13 15:59:00-04:00,340.07000732421875,340.1099853515625,339.8399963378906,339.95001220703125,533941
2026-08-14 09:30:00-04:00,344.25,345.010009765625,342.010009765625,342.3299865722656,2005757
2026-08-14 09:31:00-04:00,342.6700134277344,344.6099853515625,342.6700134277344,344.05999755859375,194342
2026-08-14 09:32:00-04:00,343.80999755859375,344.1094970703125,342.43499755859375,342.7200012207031,249819
2026-08-14 09:33:00-04:00,344.30499267578125,345.1499938964844,343.7200012207031,343.7699890136719,298613
2026-08-14 09:34:00-04:00,345.2300109863281,345.6199951171875,343.9100036621094,344.3900146484375,254777
2026-08-14 09:35:00-04:00,346.7300109863281,346.8599853515625,344.82000732421875,345.2300109863281,350894
2026-08-14 09:36:00-04:00,345.9549865722656,347.1199951171875,345.7099914550781,346.7300109863281,333619
2026-08-14 09:37:00-04:00,345.80499267578125,347.0,345.3999938964844,345.9549865722656,246723
2026-08-14 09:38:00-04:00,346.1787109375,347.09991455078125,345.74700927734375,345.8598937988281,199294
2026-08-14 09:39:00-04:00,346.9100036621094,347.1000061035156,346.05010986328125,346.2149963378906,181951
2026-08-14 09:40:00-04:00,346.885009765625,347.3598937988281,346.4100036621094,346.9200134277344,297126
2026-08-14 09:41:00-04:00,346.4100036621094,347.42999267578125,346.2300109863281,346.9700012207031,225006
2026-08-14 09:42:00-04:00,345.44000244140625,346.5199890136719,345.3299865722656,346.5199890136719,298893
2026-08-14 09:43:00-04:00,345.8900146484375,346.2799072265625,345.1075134277344,345.5199890136719,167273
2026-08-14 09:44:00-04:00,347.5400085449219,347.79998779296875,345.5899963378906,345.8900146484375,310854
2026-08-14 09:45:00-04:00,347.4295959472656,348.7699890136719,347.3399963378906,347.5400085449219,436023
2026-08-14 09:46:00-04:00,346.6716003417969,347.8494873046875,346.3699951171875,347.3835144042969,357806
2026-08-14 09:47:00-04:00,348.06878662109375,348.2099914550781,346.25,346.6499938964844,169155
2026-08-14 09:48:00-04:00,348.7161865234375,348.739990234375,347.8999938964844,348.1000061035156,307144
2026-08-14 09:49:00-04:00,348.2908935546875,348.989990234375,348.2900085449219,348.67999267578125,288240
2026-08-14 09:50:00-04:00,349.31988525390625,349.42999267578125,348.25,348.3299865722656,261636
2026-08-14 09:51:00-04:00,349.4898986816406,349.9200134277344,348.57000732421875,349.2699890136719,362286
2026-08-14 09:52:00-04:00,349.57000732421875,349.9800109863281,349.4129943847656,349.4200134277344,373228
2026-08-14 09:53:00-04:00,348.7049865722656,349.6300048828125,348.45001220703125,349.57000732421875,247984
2026-08-14 09:54:00-04:00,349.364990234375,349.5799865722656,348.3999938964844,348.7049865722656,185432
2026-08-14 09:55:00-04:00,349.07000732421875,349.6000061035156,348.9700012207031,349.364990234375,144075
2026-08-14 09:56:00-04:00,349.8999938964844,349.95001220703125,348.9700012207031,349.06500244140625,224443
2026-08-14 09:57:00-04:00,349.6099853515625,350.0400085449219,349.44000244140625,349.79998779296875,367923
2026-08-14 09:58:00-04:00,349.3699951171875,349.8500061035156,348.4200134277344,349.5793151855469,275217
2026-08-14 09:59:00-04:00,349.92498779296875,350.3500061035156,349.30999755859375,349.3381042480469,248862
2026-08-14 10:00:00-04:00,349.80499267578125,350.3500061035156,349.44000244140625,350.0899963378906,165828
2026-08-14 10:01:00-04:00,349.7950134277344,350.20001220703125,349.1400146484375,349.7799987792969,196082
2026-08-14 10:02:00-04:00,349.7300109863281,349.7898864746094,349.2301025390625,349.69000244140625,129050
2026-08-14 10:03:00-04:00,349.4800109863281,349.8800048828125,349.4800109863281,349.7699890136719,98037
2026-08-14 10:04:00-04:00,349.9700012207031,350.25,349.42498779296875,349.4849853515625,171364
2026-08-14 10:05:00-04:00,350.9049987792969,350.968994140625,349.94000244140625,349.9800109863281,241579
2026-08-14 10:06:00-04:00,350.49200439453125,351.1000061035156,350.3399963378906,350.9049987792969,256188
2026-08-14 10:07:00-04:00,350.6700134277344,351.0450134277344,350.4200134277344,350.5286865234375,149155
2026-08-14 10:08:00-04:00,350.7900085449219,351.260009765625,350.510009765625,350.69500732421875,196135
2026-08-14 10:09:00-04:00,349.92999267578125,351.0050048828125,349.9100036621094,350.7650146484375,221387
2026-08-14 10:10:00-04:00,349.20660400390625,350.010009765625,348.93011474609375,349.9549865722656,262024
2026-08-14 10:11:00-04:00,348.6875,349.29998779296875,348.53009033203125,349.13031005859375,213191
2026-08-14 10:12:00-04:00,348.010009765625,348.7799987792969,347.75,348.68499755859375,265864
2026-08-14 10:13:00-04:00,347.9020080566406,348.1300048828125,347.5,348.0400085449219,195667
2026-08-14 10:14:00-04:00,347.0310974121094,347.8999938964844,346.9200134277344,347.8399963378906,140480
2026-08-14 10:15:00-04:00,347.9949951171875,348.1099853515625,346.8599853515625,347.05999755859375,229451
2026-08-14 10:16:00-04:00,347.5,348.0899963378906,347.3299865722656,347.989990234375,152577
2026-08-14 10:17:00-04:00,348.2300109863281,348.4800109863281,347.4515075683594,347.4549865722656,191584
2026-08-14 10:18:00-04:00,347.17498779296875,348.3349914550781,347.0,348.2650146484375,166702
2026-08-14 10:19:00-04:00,346.2699890136719,347.2370910644531,346.2699890136719,347.17498779296875,206799
2026-08-14 10:20:00-04:00,346.5049133300781,346.70001220703125,346.0400085449219,346.3999938964844,176571
2026-08-14 10:21:00-04:00,346.614990234375,347.0799865722656,346.30999755859375,346.4717102050781,183838
2026-08-14 10:22:00-04:00,346.15399169921875,346.6400146484375,346.07000732421875,346.614990234375,135739
2026-08-14 10:23:00-04:00,346.0400085449219,346.58990478515625,345.92999267578125,346.3099060058594,127680
2026-08-14 10:24:00-04:00,345.9696960449219,346.19000244140625,345.6199951171875,346.06500244140625,140493
2026-08-14 10:25:00-04:00,346.60150146484375,346.67999267578125,345.6499938964844,345.8699951171875,149671
2026-08-14 10:26:00-04:00,346.510009765625,346.70001220703125,345.9670104980469,346.57000732421875,96104
2026-08-14 10:27:00-04:00,346.44219970703125,346.79998779296875,346.17999267578125,346.5940856933594,90794
2026-08-14 10:28:00-04:00,346.489990234375,346.7308044433594,346.3500061035156,346.510009765625,73643
2026-08-14 10:29:00-04:00,346.2200012207031,346.5083923339844,346.010009765625,346.5083923339844,76616
2026-08-14 10:30:00-04:00,345.39410400390625,346.3900146484375,345.3500061035156,346.2699890136719,143906
2026-08-14 10:31:00-04:00,345.6050109863281,345.8599853515625,345.3500061035156,345.3999938964844,92429
2026-08-14 10:32:00-04:00,345.2749938964844,345.7669982910156,345.0799865722656,345.63140869140625,112234
2026-08-14 10:33:00-04:00,344.61090087890625,345.2900085449219,344.5299987792969,345.2749938964844,191185
2026-08-14 10:34:00-04:00,345.0199890136719,345.1400146484375,344.3500061035156,344.6000061035156,138685
2026-08-14 10:35:00-04:00,345.0299987792969,345.239990234375,344.80169677734375,345.07000732421875,122232
2026-08-14 10:36:00-04:00,345.4649963378906,345.5899963378906,344.8800048828125,344.9859924316406,185177
2026-08-14 10:37:00-04:00,344.9750061035156,345.5,344.9599914550781,345.5,87135
2026-08-14 10:38:00-04:00,345.1199951171875,345.26129150390625,344.860107421875,344.964599609375,53867
2026-08-14 10:39:00-04:00,345.1300048828125,345.17999267578125,344.9200134277344,345.1199951171875,41717
2026-08-14 10:40:00-04:00,343.7149963378906,345.1000061035156,343.6199951171875,345.0199890136719,261761
2026-08-14 10:41:00-04:00,344.2049865722656,344.2550048828125,343.6000061035156,343.7149963378906,157763
2026-08-14 10:42:00-04:00,343.7698974609375,344.3800048828125,343.5,344.19000244140625,112488
2026-08-14 10:43:00-04:00,343.1785888671875,343.83990478515625,343.0199890136719,343.7349853515625,160546
2026-08-14 10:44:00-04:00,342.8299865722656,343.29998779296875,342.79998779296875,343.20001220703125,152170
2026-08-14 10:45:00-04:00,343.0885925292969,343.1000061035156,342.6499938964844,342.8478088378906,106661
2026-08-14 10:46:00-04:00,342.8450012207031,343.5899963378906,342.80999755859375,343.1000061035156,171809
2026-08-14 10:47:00-04:00,342.3399963378906,342.8500061035156,342.0199890136719,342.8500061035156,174391
2026-08-14 10:48:00-04:00,342.67999267578125,342.82049560546875,342.2699890136719,342.31060791015625,141806
2026-08-14 10:49:00-04:00,342.61700439453125,342.7300109863281,342.3385009765625,342.6600036621094,95613
2026-08-14 10:50:00-04:00,342.6300048828125,342.8598937988281,342.44000244140625,342.6520080566406,92500
2026-08-14 10:51:00-04:00,342.37811279296875,342.6400146484375,342.2799987792969,342.6300048828125,74430
2026-08-14 10:52:00-04:00,342.1300048828125,342.45001220703125,341.9599914550781,342.3999938964844,126918
2026-08-14 10:53:00-04:00,341.7900085449219,342.239990234375,341.6300048828125,342.1300048828125,127651
2026-08-14 10:54:00-04:00,341.5799865722656,342.0,341.5799865722656,341.7699890136719,95435
2026-08-14 10:55:00-04:00,341.1600036621094,341.6499938964844,341.1400146484375,341.5802001953125,136348
2026-08-14 10:56:00-04:00,341.9100036621094,341.9599914550781,340.95001220703125,341.1400146484375,184687
2026-08-14 10:57:00-04:00,341.9285888671875,342.1000061035156,341.5799865722656,341.8700866699219,116921
2026-08-14 10:58:00-04:00,341.4549865722656,342.010009765625,341.30999755859375,342.0,78534
2026-08-14 10:59:00-04:00,341.20001220703125,341.739990234375,341.1700134277344,341.4549865722656,81866
2026-08-14 11:00:00-04:00,341.4049987792969,341.5199890136719,341.010009765625,341.16009521484375,102115
2026-08-14 11:01:00-04:00,340.8550109863281,341.4800109863281,340.6600036621094,341.42498779296875,167039
2026-08-14 11:02:00-04:00,340.4010925292969,341.1000061035156,340.3999938964844,340.864990234375,134377
2026-08-14 11:03:00-04:00,339.9800109863281,340.6300048828125,339.75,340.42999267578125,237491
2026-08-14 11:04:00-04:00,340.42498779296875,340.45001220703125,339.6199951171875,340.0799865722656,206862
2026-08-14 11:05:00-04:00,340.3500061035156,340.5799865722656,340.239990234375,340.42498779296875,121493
2026-08-14 11:06:00-04:00,339.9599914550781,340.3599853515625,339.7799987792969,340.3450012207031,107868
2026-08-14 11:07:00-04:00,339.6200866699219,339.8999938964844,339.5899963378906,339.8999938964844,95447
2026-08-14 11:08:00-04:00,339.7749938964844,340.1000061035156,339.6127014160156,339.6191101074219,84203
2026-08-14 11:09:00-04:00,339.3599853515625,339.82000732421875,339.260009765625,339.730712890625,100741
2026-08-14 11:10:00-04:00,339.3900146484375,339.510009765625,339.1700134277344,339.30999755859375,89984
2026-08-14 11:11:00-04:00,339.3999938964844,339.7784118652344,339.3599853515625,339.42999267578125,98311
2026-08-14 11:12:00-04:00,339.0899963378906,339.4700012207031,338.95001220703125,339.3703918457031,157047
2026-08-14 11:13:00-04:00,339.1784973144531,339.40008544921875,338.8500061035156,339.0845947265625,218305
2026-08-14 11:14:00-04:00,338.45001220703125,339.17999267578125,338.45001220703125,339.17999267578125,125466
2026-08-14 11:15:00-04:00,338.3399963378906,338.7200012207031,338.05999755859375,338.4800109863281,175245
2026-08-14 11:16:00-04:00,337.92498779296875,338.489990234375,337.80999755859375,338.3699035644531,147073
2026-08-14 11:17:00-04:00,338.0299987792969,338.2898864746094,337.739990234375,337.9700012207031,116760
2026-08-14 11:18:00-04:00,338.05999755859375,338.3299865722656,337.9316101074219,338.05029296875,92420
2026-08-14 11:19:00-04:00,337.7099914550781,338.1000061035156,337.510009765625,338.05999755859375,139546
2026-08-14 11:20:00-04:00,337.2699890136719,337.7814025878906,337.1400146484375,337.7200012207031,136571
2026-08-14 11:21:00-04:00,336.94989013671875,337.3900146484375,336.8999938964844,337.3099060058594,144327
2026-08-14 11:22:00-04:00,336.6767883300781,337.0,336.5,336.94000244140625,158300
2026-08-14 11:23:00-04:00,336.9649963378906,337.3599853515625,336.6300048828125,336.6300048828125,171260
2026-08-14 11:24:00-04:00,336.3599853515625,337.010009765625,336.2699890136719,336.9649963378906,134576
2026-08-14 11:25:00-04:00,336.4100036621094,336.75,336.2200012207031,336.3599853515625,130199
2026-08-14 11:26:00-04:00,336.25,336.489990234375,336.010009765625,336.4100036621094,82590
2026-08-14 11:27:00-04:00,335.6199951171875,336.29998779296875,335.5400085449219,336.239990234375,188401
2026-08-14 11:28:00-04:00,336.17498779296875,336.239990234375,335.3305969238281,335.6000061035156,229610
2026-08-14 11:29:00-04:00,337.3546142578125,337.54998779296875,336.1600036621094,336.19500732421875,307932
2026-08-14 11:30:00-04:00,336.43499755859375,337.45001220703125,336.3299865722656,337.3399963378906,150825
2026-08-14 11:31:00-04:00,336.6050109863281,336.6700134277344,336.30999755859375,336.4142150878906,104502
2026-08-14 11:32:00-04:00,336.7200012207031,336.8800048828125,336.5299987792969,336.6698913574219,89842
2026-08-14 11:33:00-04:00,336.7300109863281,336.9700012207031,336.6300964355469,336.7200012207031,91918
2026-08-14 11:34:00-04:00,336.6000061035156,336.9529113769531,336.3800048828125,336.70001220703125,101325
2026-08-14 11:35:00-04:00,337.1050109863281,337.1499938964844,336.5400085449219,336.5400085449219,108958
2026-08-14 11:36:00-04:00,337.1000061035156,337.510009765625,336.9800109863281,337.1499938964844,145796
2026-08-14 11:37:00-04:00,337.1000061035156,337.4800109863281,336.79998779296875,337.1361999511719,102554
2026-08-14 11:38:00-04:00,337.0400085449219,337.67608642578125,336.92999267578125,337.1700134277344,145351
2026-08-14 11:39:00-04:00,337.0038146972656,337.45001220703125,336.92999267578125,337.081787109375,110909
2026-08-14 11:40:00-04:00,336.9849853515625,337.2554016113281,336.8909912109375,337.0155029296875,68874
2026-08-14 11:41:00-04:00,337.7699890136719,337.82000732421875,336.9849853515625,336.9849853515625,98428
2026-08-14 11:42:00-04:00,337.6000061035156,337.760009765625,337.5,337.760009765625,92432
2026-08-14 11:43:00-04:00,337.6700134277344,337.8299865722656,337.5101013183594,337.6099853515625,72941
2026-08-14 11:44:00-04:00,337.6698913574219,338.0,337.5736083984375,337.6700134277344,103487
2026-08-14 11:45:00-04:00,337.9399108886719,337.9399108886719,337.4700012207031,337.6095886230469,89999
2026-08-14 11:46:00-04:00,337.6700134277344,338.0,337.6300048828125,337.9049987792969,75486
2026-08-14 11:47:00-04:00,337.3999938964844,337.8500061035156,337.3905029296875,337.67999267578125,83939
2026-08-14 11:48:00-04:00,337.8299865722656,337.8500061035156,337.30999755859375,337.4115905761719,74884
2026-08-14 11:49:00-04:00,337.6650085449219,338.0,337.3962097167969,337.84991455078125,114309
2026-08-14 11:50:00-04:00,337.3703918457031,337.83160400390625,337.2099914550781,337.6650085449219,75765
2026-08-14 11:51:00-04:00,337.510009765625,337.6199951171875,337.2300109863281,337.40350341796875,43244
2026-08-14 11:52:00-04:00,337.7200012207031,337.7300109863281,337.4100036621094,337.4700927734375,37831
2026-08-14 11:53:00-04:00,338.3500061035156,338.3799133300781,337.5400085449219,337.70001220703125,116930
2026-08-14 11:54:00-04:00,338.5,338.70001220703125,338.19000244140625,338.3599853515625,135595
2026-08-14 11:55:00-04:00,338.6300048828125,338.7799987792969,338.4005126953125,338.4549865722656,105729
2026-08-14 11:56:00-04:00,338.510009765625,338.67999267578125,338.1499938964844,338.6400146484375,131693
2026-08-14 11:57:00-04:00,338.3599853515625,338.54998779296875,338.2699890136719,338.54998779296875,73452
2026-08-14 11:58:00-04:00,338.8599853515625,339.0199890136719,338.3599853515625,338.3699951171875,131163
2026-08-14 11:59:00-04:00,338.70001220703125,338.9755859375,338.6099853515625,338.8599853515625,71296
2026-08-14 12:00:00-04:00,339.1700134277344,339.2298889160156,338.66839599609375,338.70001220703125,107182
2026-08-14 12:01:00-04:00,339.05999755859375,339.32989501953125,339.0,339.1700134277344,82923
2026-08-14 12:02:00-04:00,338.8599853515625,339.1499938964844,338.8599853515625,339.0799865722656,47546
2026-08-14 12:03:00-04:00,338.9912109375,339.1000061035156,338.826904296875,338.86279296875,52390
2026-08-14 12:04:00-04:00,338.9999084472656,339.28948974609375,338.9309997558594,338.989990234375,58382
2026-08-14 12:05:00-04:00,339.1000061035156,339.2099914550781,338.94000244140625,338.94000244140625,71789
2026-08-14 12:06:00-04:00,338.8888854980469,339.1199951171875,338.739990234375,339.05999755859375,77591
2026-08-14 12:07:00-04:00,339.2380065917969,339.3500061035156,338.8500061035156,338.9295959472656,66985
2026-08-14 12:08:00-04:00,339.1600036621094,339.29998779296875,338.9700012207031,339.2799987792969,60250
2026-08-14 12:09:00-04:00,339.2701110839844,339.4599914550781,339.0600891113281,339.1449890136719,76448
2026-08-14 12:10:00-04:00,339.5450134277344,339.59039306640625,339.2265930175781,339.3399963378906,55034
2026-08-14 12:11:00-04:00,339.56048583984375,339.69000244140625,339.3999938964844,339.5,93119
2026-08-14 12:12:00-04:00,339.8599853515625,339.9081115722656,339.45001220703125,339.55999755859375,125283
2026-08-14 12:13:00-04:00,340.1000061035156,340.4200134277344,339.760009765625,339.875,168787
2026-08-14 12:14:00-04:00,340.6199951171875,340.6199951171875,339.94000244140625,340.047607421875,119718
2026-08-14 12:15:00-04:00,340.1549987792969,340.630615234375,340.0675048828125,340.614990234375,88235
2026-08-14 12:16:00-04:00,340.5299987792969,340.6499938964844,340.1549987792969,340.1647033691406,203489
2026-08-14 12:17:00-04:00,339.52630615234375,340.5299987792969,339.4599914550781,340.5299987792969,184236
2026-08-14 12:18:00-04:00,339.9599914550781,340.1600036621094,339.4750061035156,339.510009765625,105915
2026-08-14 12:19:00-04:00,339.79998779296875,340.1000061035156,339.54998779296875,340.010009765625,58046
2026-08-14 12:20:00-04:00,339.76708984375,339.8999938964844,339.6400146484375,339.82000732421875,41219
2026-08-14 12:21:00-04:00,339.93499755859375,340.05999755859375,339.54010009765625,339.70001220703125,89503
2026-08-14 12:22:00-04:00,340.2650146484375,340.3299865722656,339.843994140625,339.93011474609375,62253
2026-08-14 12:23:00-04:00,340.260009765625,340.4100036621094,340.1199951171875,340.2799987792969,100930
2026-08-14 12:24:00-04:00,340.0199890136719,340.2699890136719,339.9100036621094,340.239990234375,59566
2026-08-14 12:25:00-04:00,340.0150146484375,340.1400146484375,339.9100036621094,339.9949951171875,64925
2026-08-14 12:26:00-04:00,339.8550109863281,340.047607421875,339.6700134277344,340.0350036621094,52832
2026-08-14 12:27:00-04:00,340.2250061035156,340.3500061035156,339.8301086425781,339.8367004394531,70220
2026-08-14 12:28:00-04:00,340.625,340.6499938964844,340.2200012207031,340.25,64471
2026-08-14 12:29:00-04:00,340.67498779296875,340.6897888183594,340.4100036621094,340.6400146484375,59264
2026-08-14 12:30:00-04:00,340.5899963378906,340.8399963378906,340.5400085449219,340.70001220703125,75130
2026-08-14 12:31:00-04:00,340.07049560546875,340.6199951171875,340.07049560546875,340.5400085449219,82271
2026-08-14 12:32:00-04:00,340.0199890136719,340.1300048828125,339.8800048828125,340.0769958496094,96475
2026-08-14 12:33:00-04:00,339.8351135253906,340.15618896484375,339.7099914550781,339.989990234375,90503
2026-08-14 12:34:00-04:00,339.8900146484375,339.95989990234375,339.5400085449219,339.8299865722656,65102
2026-08-14 12:35:00-04:00,339.95001220703125,340.07000732421875,339.8500061035156,339.885009765625,49649
2026-08-14 12:36:00-04:00,340.19500732421875,340.2799987792969,339.93499755859375,339.93499755859375,51974
2026-08-14 12:37:00-04:00,340.0799865722656,340.3299865722656,340.05999755859375,340.239990234375,39522
2026-08-14 12:38:00-04:00,339.8599853515625,340.1000061035156,339.80999755859375,340.05999755859375,45752
2026-08-14 12:39:00-04:00,339.7611083984375,339.8900146484375,339.4800109863281,339.8500061035156,93911
2026-08-14 12:40:00-04:00,339.55999755859375,339.8550109863281,339.5400085449219,339.7900085449219,41642
2026-08-14 12:41:00-04:00,339.772705078125,339.7799987792969,339.2699890136719,339.54998779296875,87745
2026-08-14 12:42:00-04:00,339.8599853515625,339.9800109863281,339.6700134277344,339.7550048828125,60677
2026-08-14 12:43:00-04:00,339.625,339.8999938964844,339.5899963378906,339.8900146484375,30182
2026-08-14 12:44:00-04:00,339.68499755859375,339.7900085449219,339.5199890136719,339.625,48985
2026-08-14 12:45:00-04:00,339.5,339.68499755859375,339.3512878417969,339.68499755859375,68398
2026-08-14 12:46:00-04:00,339.489990234375,339.5498962402344,339.2200012207031,339.4800109863281,42806
2026-08-14 12:47:00-04:00,339.93011474609375,339.989990234375,339.54998779296875,339.54998779296875,64650
2026-08-14 12:48:00-04:00,339.909912109375,340.1034851074219,339.79998779296875,339.92999267578125,47591
2026-08-14 12:49:00-04:00,339.9100036621094,340.1199951171875,339.8362121582031,339.8362121582031,25990
2026-08-14 12:50:00-04:00,339.8800048828125,339.989990234375,339.80999755859375,339.9100036621094,24540
2026-08-14 12:51:00-04:00,339.7300109863281,339.9599914550781,339.6700134277344,339.8999938964844,50187
2026-08-14 12:52:00-04:00,339.4700012207031,339.7900085449219,339.4620056152344,339.75030517578125,40764
2026-08-14 12:53:00-04:00,339.2799987792969,339.6199035644531,339.2500915527344,339.5,73126
2026-08-14 12:54:00-04:00,339.21148681640625,339.3598937988281,339.0199890136719,339.2119140625,75973
2026-08-14 12:55:00-04:00,339.20001220703125,339.27801513671875,338.92999267578125,339.10009765625,58663
2026-08-14 12:56:00-04:00,339.0599060058594,339.239990234375,338.9119873046875,339.239990234375,72782
2026-08-14 12:57:00-04:00,339.0155944824219,339.1000061035156,338.8399963378906,339.0400085449219,89296
2026-08-14 12:58:00-04:00,338.3836975097656,339.0198974609375,338.239990234375,339.0,124327
2026-08-14 12:59:00-04:00,338.3219909667969,338.6000061035156,338.3219909667969,338.3301086425781,50978
2026-08-14 13:00:00-04:00,338.0450134277344,338.5400085449219,337.9100036621094,338.33538818359375,90684
2026-08-14 13:01:00-04:00,337.8399963378906,338.1600036621094,337.8299865722656,338.07000732421875,83595
2026-08-14 13:02:00-04:00,338.2499084472656,338.3374938964844,337.80999755859375,337.8349914550781,101153
2026-08-14 13:03:00-04:00,338.7099914550781,338.75,338.20001220703125,338.2300109863281,73914
2026-08-14 13:04:00-04:00,338.92999267578125,339.1700134277344,338.55999755859375,338.7099914550781,109037
2026-08-14 13:05:00-04:00,338.7749938964844,339.07000732421875,338.75,338.9200134277344,41333
2026-08-14 13:06:00-04:00,338.7099914550781,339.05999755859375,338.70001220703125,338.739990234375,49944
2026-08-14 13:07:00-04:00,339.0450134277344,339.0884094238281,338.7099914550781,338.7099914550781,35846
2026-08-14 13:08:00-04:00,338.7349853515625,339.07000732421875,338.57000732421875,339.07000732421875,68233
2026-08-14 13:09:00-04:00,338.625,338.7349853515625,338.3999938964844,338.7349853515625,64922
2026-08-14 13:10:00-04:00,338.625,338.78948974609375,338.5400085449219,338.625,37400
2026-08-14 13:11:00-04:00,338.7049865722656,338.75,338.5199890136719,338.5799865722656,26318
2026-08-14 13:12:00-04:00,338.9090881347656,338.9700012207031,338.6182861328125,338.75,50594
2026-08-14 13:13:00-04:00,338.864990234375,339.0299987792969,338.8080139160156,338.9100036621094,24423
2026-08-14 13:14:00-04:00,338.9200134277344,338.94000244140625,338.739990234375,338.8819885253906,17834
2026-08-14 13:15:00-04:00,338.8599853515625,338.989990234375,338.8500061035156,338.9216003417969,35432
2026-08-14 13:16:00-04:00,338.8500061035156,338.94000244140625,338.5899963378906,338.94000244140625,33062
2026-08-14 13:17:00-04:00,339.0299987792969,339.0899963378906,338.82000732421875,338.8500061035156,34691
2026-08-14 13:18:00-04:00,339.4512939453125,339.4599914550781,339.07000732421875,339.0899963378906,85653
2026-08-14 13:19:00-04:00,339.6099853515625,339.71160888671875,339.360107421875,339.42999267578125,72210
2026-08-14 13:20:00-04:00,339.67608642578125,339.760009765625,339.5,339.5799865722656,81879
2026-08-14 13:21:00-04:00,339.6836853027344,339.82000732421875,339.57000732421875,339.7298889160156,50381
2026-08-14 13:22:00-04:00,339.7138977050781,339.82958984375,339.6199951171875,339.6199951171875,29492
2026-08-14 13:23:00-04:00,339.8301086425781,339.95989990234375,339.6499938964844,339.7099914550781,43899
2026-08-14 13:24:00-04:00,339.44000244140625,339.8599853515625,339.3800964355469,339.82000732421875,50444
2026-08-14 13:25:00-04:00,339.1105041503906,339.4700012207031,339.090087890625,339.4161071777344,61472
2026-08-14 13:26:00-04:00,339.06988525390625,339.2456970214844,338.8999938964844,339.110107421875,36346
2026-08-14 13:27:00-04:00,339.17999267578125,339.2799987792969,339.0199890136719,339.1099853515625,30523
2026-08-14 13:28:00-04:00,338.9901123046875,339.19500732421875,338.9901123046875,339.19500732421875,33529
2026-08-14 13:29:00-04:00,339.31500244140625,339.3799133300781,338.92999267578125,339.0043029785156,61753
2026-08-14 13:30:00-04:00,339.5350036621094,339.6499938964844,339.30999755859375,339.3299865722656,61438
2026-08-14 13:31:00-04:00,340.0350036621094,340.0799865722656,339.57989501953125,339.57989501953125,97308
2026-08-14 13:32:00-04:00,340.2099914550781,340.2499084472656,339.827392578125,340.0299987792969,54682
2026-08-14 13:33:00-04:00,340.2838134765625,340.389892578125,340.1600036621094,340.2099914550781,56494
2026-08-14 13:34:00-04:00,340.2701110839844,340.30999755859375,340.1199951171875,340.2749938964844,31151
2026-08-14 13:35:00-04:00,340.6138916015625,340.6700134277344,340.2674865722656,340.2699890136719,72330
2026-08-14 13:36:00-04:00,340.6400146484375,340.8299865722656,340.57000732421875,340.6300048828125,76042
2026-08-14 13:37:00-04:00,340.489990234375,340.6400146484375,340.30999755859375,340.6400146484375,46689
2026-08-14 13:38:00-04:00,340.6000061035156,340.70001220703125,340.3399963378906,340.4809875488281,49120
2026-08-14 13:39:00-04:00,340.93499755859375,341.1400146484375,340.54998779296875,340.54998779296875,130150
2026-08-14 13:40:00-04:00,341.0400085449219,341.19000244140625,340.87030029296875,340.92999267578125,65158
2026-08-14 13:41:00-04:00,340.79998779296875,341.1000061035156,340.7799987792969,341.0400085449219,43016
2026-08-14 13:42:00-04:00,341.1050109863281,341.1499938964844,340.7630920410156,340.7630920410156,54656
2026-08-14 13:43:00-04:00,340.8399963378906,341.1099853515625,340.8399963378906,341.1050109863281,47420
2026-08-14 13:44:00-04:00,341.1590881347656,341.1871032714844,340.79998779296875,340.80999755859375,58484
2026-08-14 13:45:00-04:00,340.9150085449219,341.260009765625,340.8299865722656,341.15399169921875,75251
2026-08-14 13:46:00-04:00,341.1499938964844,341.20001220703125,340.82000732421875,340.94000244140625,46109
2026-08-14 13:47:00-04:00,340.9150085449219,341.1300048828125,340.7229919433594,341.1300048828125,52908
2026-08-14 13:48:00-04:00,340.76800537109375,341.0299987792969,340.70001220703125,340.8900146484375,43834
2026-08-14 13:49:00-04:00,340.7300109863281,340.94989013671875,340.69158935546875,340.7799987792969,24033
2026-08-14 13:50:00-04:00,340.8900146484375,340.8900146484375,340.57000732421875,340.7430114746094,393126
2026-08-14 13:51:00-04:00,341.0976867675781,341.1600036621094,340.88360595703125,340.8999938964844,50182
2026-08-14 13:52:00-04:00,340.9700012207031,341.2300109863281,340.9100036621094,341.05499267578125,47834
2026-08-14 13:53:00-04:00,341.0784912109375,341.2200012207031,340.92999267578125,341.0,53231
2026-08-14 13:54:00-04:00,341.07000732421875,341.1698913574219,341.0299987792969,341.1099853515625,27547
2026-08-14 13:55:00-04:00,341.0,341.1300048828125,340.9728088378906,341.07000732421875,31639
2026-08-14 13:56:00-04:00,341.0199890136719,341.04998779296875,340.9201965332031,341.0400085449219,41413
2026-08-14 13:57:00-04:00,341.19500732421875,341.25,341.0,341.0249938964844,29787
2026-08-14 13:58:00-04:00,341.135009765625,341.3299865722656,341.11968994140625,341.1604919433594,65854
2026-08-14 13:59:00-04:00,341.5199890136719,341.54998779296875,341.1499938964844,341.1499938964844,52312
2026-08-14 14:00:00-04:00,341.5299987792969,341.76971435546875,341.42999267578125,341.5150146484375,92997
2026-08-14 14:01:00-04:00,341.3905944824219,341.659912109375,341.30999755859375,341.5599060058594,53443
2026-08-14 14:02:00-04:00,341.635009765625,341.6499938964844,341.40008544921875,341.42999267578125,45455
2026-08-14 14:03:00-04:00,341.45001220703125,341.69000244140625,341.4375,341.6514892578125,75175
2026-08-14 14:04:00-04:00,341.7695007324219,341.8599853515625,341.3699951171875,341.42999267578125,1085903
2026-08-14 14:05:00-04:00,341.635009765625,341.760009765625,341.32000732421875,341.7300109863281,81823
2026-08-14 14:06:00-04:00,341.4599914550781,341.7499084472656,341.3900146484375,341.6600036621094,218885
2026-08-14 14:07:00-04:00,341.57501220703125,341.6000061035156,341.3301086425781,341.44000244140625,47222
2026-08-14 14:08:00-04:00,341.7900085449219,341.80999755859375,341.5299987792969,341.55010986328125,60267
2026-08-14 14:09:00-04:00,341.70001220703125,341.7799987792969,341.57000732421875,341.7550048828125,26283
2026-08-14 14:10:00-04:00,341.6300964355469,341.79998779296875,341.6199951171875,341.7149963378906,42814
2026-08-14 14:11:00-04:00,341.6400146484375,341.82000732421875,341.5101013183594,341.6650085449219,38889
2026-08-14 14:12:00-04:00,341.69000244140625,341.7799987792969,341.53009033203125,341.610107421875,24726
2026-08-14 14:13:00-04:00,341.7900085449219,341.7900085449219,341.61700439453125,341.67010498046875,25659
2026-08-14 14:14:00-04:00,341.70001220703125,341.79998779296875,341.54998779296875,341.79998779296875,127763
2026-08-14 14:15:00-04:00,341.7799987792969,341.8399963378906,341.65008544921875,341.7300109863281,38045
2026-08-14 14:16:00-04:00,341.7349853515625,341.79998779296875,341.6300048828125,341.7799987792969,41336
2026-08-14 14:17:00-04:00,341.760009765625,341.7799987792969,341.6449890136719,341.7449951171875,16902
2026-08-14 14:18:00-04:00,342.1600036621094,342.25,341.7699890136719,341.7799987792969,130699
2026-08-14 14:19:00-04:00,341.9649963378906,342.19000244140625,341.9200134277344,342.1600036621094,72009
2026-08-14 14:20:00-04:00,342.1499938964844,342.17999267578125,341.89599609375,341.989990234375,86405
2026-08-14 14:21:00-04:00,342.3399963378906,342.54998779296875,342.0899963378906,342.1600036621094,154631
2026-08-14 14:22:00-04:00,342.4100036621094,342.54998779296875,342.3399963378906,342.3599853515625,100684
2026-08-14 14:23:00-04:00,342.20831298828125,342.4700012207031,342.19000244140625,342.4049987792969,49960
2026-08-14 14:24:00-04:00,342.1199951171875,342.25,342.04998779296875,342.239990234375,56656
2026-08-14 14:25:00-04:00,342.12139892578125,342.2699890136719,342.110107421875,342.1304931640625,44206
2026-08-14 14:26:00-04:00,342.1099853515625,342.260009765625,342.1000061035156,342.1600036621094,34757
2026-08-14 14:27:00-04:00,342.2699890136719,342.6000061035156,342.0899963378906,342.1099853515625,77689
2026-08-14 14:28:00-04:00,341.6600036621094,342.2933044433594,341.6400146484375,342.2933044433594,95088
2026-08-14 14:29:00-04:00,341.82000732421875,341.9200134277344,341.5899963378906,341.6499938964844,55310
2026-08-14 14:30:00-04:00,341.92999267578125,341.948486328125,341.67010498046875,341.8598937988281,52471
2026-08-14 14:31:00-04:00,341.8999938964844,342.1199951171875,341.8999938964844,341.94989013671875,47730
2026-08-14 14:32:00-04:00,341.92999267578125,341.9700012207031,341.4599914550781,341.9183044433594,75106
2026-08-14 14:33:00-04:00,341.739990234375,341.9700012207031,341.6300048828125,341.9599914550781,26408
2026-08-14 14:34:00-04:00,341.6669921875,341.8399963378906,341.57000732421875,341.75,39501
2026-08-14 14:35:00-04:00,341.40008544921875,341.74859619140625,341.3399963378906,341.6838073730469,69334
2026-08-14 14:36:00-04:00,341.5599060058594,341.6499938964844,341.43499755859375,341.43499755859375,38586
2026-08-14 14:37:00-04:00,341.33990478515625,341.6400146484375,341.29998779296875,341.5320129394531,72512
2026-08-14 14:38:00-04:00,341.3840026855469,341.4649963378906,341.0400085449219,341.29998779296875,111673
2026-08-14 14:39:00-04:00,341.1700134277344,341.42950439453125,341.1199951171875,341.3999938964844,45637
2026-08-14 14:40:00-04:00,341.465087890625,341.489990234375,341.1099853515625,341.1867980957031,47479
2026-08-14 14:41:00-04:00,341.54010009765625,341.6499938964844,341.4400939941406,341.4649963378906,50508
2026-08-14 14:42:00-04:00,341.4800109863281,341.6499938964844,341.3900146484375,341.5350036621094,40833
2026-08-14 14:43:00-04:00,341.5400085449219,341.54998779296875,341.45001220703125,341.4800109863281,24379
2026-08-14 14:44:00-04:00,341.6300964355469,341.7200012207031,341.5,341.54998779296875,27722
2026-08-14 14:45:00-04:00,341.5885925292969,341.7799987792969,341.54998779296875,341.6600036621094,41378
2026-08-14 14:46:00-04:00,341.4100036621094,341.57501220703125,341.3800048828125,341.57501220703125,38686
2026-08-14 14:47:00-04:00,341.54998779296875,341.69989013671875,341.3599853515625,341.3984069824219,48530
2026-08-14 14:48:00-04:00,341.5036926269531,341.6000061035156,341.42999267578125,341.5837097167969,22589
2026-08-14 14:49:00-04:00,341.6050109863281,341.64990234375,341.3800048828125,341.510009765625,33391
2026-08-14 14:50:00-04:00,341.7449951171875,341.7998962402344,341.54998779296875,341.6199951171875,47152
2026-08-14 14:51:00-04:00,341.7099914550781,341.7300109863281,341.54998779296875,341.7200012207031,24964
2026-08-14 14:52:00-04:00,341.4100036621094,341.7398986816406,341.4100036621094,341.7049865722656,27938
2026-08-14 14:53:00-04:00,341.17999267578125,341.4100036621094,341.1400146484375,341.4100036621094,36746
2026-08-14 14:54:00-04:00,341.3949890136719,341.5,341.17999267578125,341.2099914550781,37345
2026-08-14 14:55:00-04:00,341.4599914550781,341.5,341.3226013183594,341.3949890136719,21219
2026-08-14 14:56:00-04:00,341.3951110839844,341.5,341.340087890625,341.4599914550781,23954
2026-08-14 14:57:00-04:00,341.3500061035156,341.489990234375,341.2799987792969,341.375,19733
2026-08-14 14:58:00-04:00,341.3500061035156,341.3999938964844,341.2799987792969,341.3500061035156,69490
2026-08-14 14:59:00-04:00,341.04998779296875,341.3699951171875,341.04998779296875,341.364990234375,50273
2026-08-14 15:00:00-04:00,340.8450012207031,341.04998779296875,340.79998779296875,341.04998779296875,100802
2026-08-14 15:01:00-04:00,340.7699890136719,341.05999755859375,340.7099914550781,340.8500061035156,55893
2026-08-14 15:02:00-04:00,340.7101135253906,340.9999084472656,340.7101135253906,340.79998779296875,49736
2026-08-14 15:03:00-04:00,340.739990234375,340.9049987792969,340.6199951171875,340.75,73275
2026-08-14 15:04:00-04:00,340.6600036621094,340.760009765625,340.5899963378906,340.75,59228
2026-08-14 15:05:00-04:00,341.2403869628906,341.260009765625,340.70001220703125,340.70001220703125,80736
2026-08-14 15:06:00-04:00,341.1700134277344,341.6770935058594,341.1099853515625,341.2749938964844,139281
2026-08-14 15:07:00-04:00,341.2300109863281,341.25,340.9385986328125,341.20001220703125,44895
2026-08-14 15:08:00-04:00,341.6099853515625,341.6799011230469,341.2214050292969,341.2598876953125,71716
2026-08-14 15:09:00-04:00,341.7900085449219,341.9200134277344,341.4888000488281,341.6099853515625,84699
2026-08-14 15:10:00-04:00,341.70001220703125,341.839111328125,341.5,341.7699890136719,71971
2026-08-14 15:11:00-04:00,341.7200012207031,341.79998779296875,341.5899963378906,341.70001220703125,35361
2026-08-14 15:12:00-04:00,341.4599914550781,341.7449951171875,341.3999938964844,341.7449951171875,43786
2026-08-14 15:13:00-04:00,341.30499267578125,341.5400085449219,341.2203063964844,341.4599914550781,57719
2026-08-14 15:14:00-04:00,341.3599853515625,341.4800109863281,341.2538146972656,341.30999755859375,30415
2026-08-14 15:15:00-04:00,341.30999755859375,341.49139404296875,341.29998779296875,341.3349914550781,23569
2026-08-14 15:16:00-04:00,341.3500061035156,341.3699035644531,341.20001220703125,341.30499267578125,20200
2026-08-14 15:17:00-04:00,341.4800109863281,341.5,341.2799987792969,341.3500061035156,30762
2026-08-14 15:18:00-04:00,341.5,341.6400146484375,341.3970031738281,341.4884948730469,48221
2026-08-14 15:19:00-04:00,341.17498779296875,341.5799865722656,341.1099853515625,341.4700012207031,44738
2026-08-14 15:20:00-04:00,341.32000732421875,341.32000732421875,341.0400085449219,341.17498779296875,40845
2026-08-14 15:21:00-04:00,341.30999755859375,341.4200134277344,341.2900085449219,341.2900085449219,28247
2026-08-14 15:22:00-04:00,341.2565002441406,341.4700012207031,341.25,341.2900085449219,52459
2026-08-14 15:23:00-04:00,341.3949890136719,341.45001220703125,341.2174072265625,341.2174072265625,17850
2026-08-14 15:24:00-04:00,341.5487060546875,341.639892578125,341.3450012207031,341.3949890136719,67835
2026-08-14 15:25:00-04:00,341.8999938964844,342.0398864746094,341.5899963378906,341.5899963378906,65718
2026-08-14 15:26:00-04:00,341.8550109863281,341.9599914550781,341.6600036621094,341.8999938964844,65949
2026-08-14 15:27:00-04:00,341.92999267578125,341.9800109863281,341.7699890136719,341.8599853515625,79989
2026-08-14 15:28:00-04:00,342.3999938964844,342.5,341.92010498046875,341.92010498046875,152731
2026-08-14 15:29:00-04:00,341.8800048828125,342.4049987792969,341.8599853515625,342.4049987792969,67767
2026-08-14 15:30:00-04:00,342.05169677734375,342.125,341.7900085449219,341.8999938964844,66161
2026-08-14 15:31:00-04:00,341.981689453125,342.27789306640625,341.9200134277344,342.0849914550781,47009
2026-08-14 15:32:00-04:00,342.0849914550781,342.17999267578125,341.9414978027344,341.9599914550781,54365
2026-08-14 15:33:00-04:00,342.05999755859375,342.2799987792969,342.04998779296875,342.0899963378906,46560
2026-08-14 15:34:00-04:00,342.0799865722656,342.20989990234375,342.0199890136719,342.1000061035156,42835
2026-08-14 15:35:00-04:00,342.0400085449219,342.1099853515625,341.90130615234375,342.0799865722656,45183
2026-08-14 15:36:00-04:00,341.7898864746094,342.07000732421875,341.7099914550781,342.0000915527344,60724
2026-08-14 15:37:00-04:00,341.68499755859375,341.7900085449219,341.55999755859375,341.7449951171875,53060
2026-08-14 15:38:00-04:00,341.5899963378906,341.7300109863281,341.5801086425781,341.68499755859375,39652
2026-08-14 15:39:00-04:00,341.3100891113281,341.69989013671875,341.30499267578125,341.6600036621094,45011
2026-08-14 15:40:00-04:00,341.19000244140625,341.4100036621094,341.1400146484375,341.3299865722656,69754
2026-08-14 15:41:00-04:00,341.19000244140625,341.2799987792969,341.1700134277344,341.19000244140625,26915
2026-08-14 15:42:00-04:00,341.5050048828125,341.54998779296875,341.20001220703125,341.20001220703125,50351
2026-08-14 15:43:00-04:00,341.44500732421875,341.6000061035156,341.430908203125,341.489990234375,28697
2026-08-14 15:44:00-04:00,341.5899963378906,341.6199035644531,341.44500732421875,341.4599914550781,26541
2026-08-14 15:45:00-04:00,341.6000061035156,341.7300109863281,341.44000244140625,341.57000732421875,79755
2026-08-14 15:46:00-04:00,341.42999267578125,341.70001220703125,341.3999938964844,341.6300048828125,43717
2026-08-14 15:47:00-04:00,341.2650146484375,341.4800109863281,341.25,341.42999267578125,60538
2026-08-14 15:48:00-04:00,341.55999755859375,341.55999755859375,341.1700134277344,341.2699890136719,53427
2026-08-14 15:49:00-04:00,341.5299987792969,341.5799865722656,341.38848876953125,341.55999755859375,57665
2026-08-14 15:50:00-04:00,342.32000732421875,342.3500061035156,341.45001220703125,341.5299987792969,128856
2026-08-14 15:51:00-04:00,342.0299987792969,342.44989013671875,341.94000244140625,342.32000732421875,120775
2026-08-14 15:52:00-04:00,342.0799865722656,342.1300048828125,341.8577880859375,342.0350036621094,69285
2026-08-14 15:53:00-04:00,341.95001220703125,342.1600036621094,341.80999755859375,342.0799865722656,71770
2026-08-14 15:54:00-04:00,342.0989990234375,342.1300048828125,341.8999938964844,341.9700012207031,74808
2026-08-14 15:55:00-04:00,342.489990234375,343.5799865722656,342.07000732421875,342.1099853515625,314907
2026-08-14 15:56:00-04:00,342.5150146484375,342.6400146484375,342.385009765625,342.4599914550781,113493
2026-08-14 15:57:00-04:00,342.1600036621094,342.5299987792969,342.1099853515625,342.5150146484375,176110
2026-08-14 15:58:00-04:00,342.3450012207031,342.5148010253906,342.1099853515625,342.1600036621094,182178
2026-08-14 15:59:00-04:00,342.32000732421875,342.3999938964844,342.1199951171875,342.3500061035156,364811
